Target Rank,Target Score,miRNA Name,Gene ID,Gene Symbol,Transcript Accession,Gene Description
1,99,hsa-miR-140-5p,2037,EPB41L2,NM_001252660,erythrocyte membrane protein band 4.1 like 2
2,99,hsa-miR-140-5p,168850,ZNF800,NM_176814,zinc finger protein 800
3,99,hsa-miR-140-5p,4735,Sep-02,NM_001321032,septin 2
4,98,hsa-miR-140-5p,650,BMP2,NM_001200,bone morphogenetic protein 2
5,98,hsa-miR-532-5p,91404,SESTD1,NM_178123,SEC14 and spectrin domain containing 1
6,97,hsa-miR-140-5p,687,KLF9,NM_001206,Kruppel like factor 9
7,97,hsa-miR-532-5p,53616,ADAM22,NM_001324417,ADAM metallopeptidase domain 22
8,96,hsa-miR-140-5p,23531,MMD,NM_012329,monocyte to macrophage differentiation associated
9,96,hsa-miR-140-5p,823,CAPN1,NM_001198868,calpain 1
10,96,hsa-miR-140-5p,639,PRDM1,NM_001198,PR/SET domain 1
11,96,hsa-miR-532-5p,201627,DENND6A,NM_152678,DENN domain containing 6A
12,96,hsa-miR-532-5p,257397,TAB3,NM_152787,TGF-beta activated kinase 1 (MAP3K7) binding protein 3
13,96,hsa-miR-532-5p,4688,NCF2,NM_001127651,neutrophil cytosolic factor 2
14,96,hsa-miR-532-5p,83593,RASSF5,NM_182664,Ras association domain family member 5
15,96,hsa-miR-28-5p,64759,TNS3,NM_022748,tensin 3
16,95,hsa-miR-140-5p,55967,NDUFA12,NM_001258338,NADH:ubiquinone oxidoreductase subunit A12
17,95,hsa-miR-140-5p,55206,SBNO1,NM_001167856,strawberry notch homolog 1
18,95,hsa-miR-140-5p,80775,TMEM177,NM_001105198,transmembrane protein 177
19,95,hsa-miR-532-5p,8766,RAB11A,NM_001206836,"RAB11A, member RAS oncogene family"
20,95,hsa-miR-28-5p,9710,KIAA0355,NM_014686,KIAA0355
21,94,hsa-miR-140-5p,25897,RNF19A,NM_001280539,"ring finger protein 19A, RBR E3 ubiquitin protein ligase"
22,94,hsa-miR-140-5p,338699,ANKRD42,NM_001300975,ankyrin repeat domain 42
23,94,hsa-miR-140-5p,1743,DLST,NM_001244883,dihydrolipoamide S-succinyltransferase
24,94,hsa-miR-140-5p,1959,EGR2,NM_000399,early growth response 2
25,94,hsa-miR-140-5p,23617,TSSK2,NM_053006,testis specific serine kinase 2
26,94,hsa-miR-140-5p,2200,FBN1,NM_000138,fibrillin 1
27,94,hsa-miR-532-5p,900,CCNG1,NM_199246,cyclin G1
28,94,hsa-miR-532-5p,55225,RAVER2,NM_018211,"ribonucleoprotein, PTB binding 2"
29,94,hsa-miR-28-5p,84668,FAM126A,NM_032581,family with sequence similarity 126 member A
30,94,hsa-miR-28-5p,22887,FOXJ3,NM_001198850,forkhead box J3
31,93,hsa-miR-140-5p,57452,GALNT16,NM_001168368,polypeptide N-acetylgalactosaminyltransferase 16
32,93,hsa-miR-140-5p,4919,ROR1,NM_005012,receptor tyrosine kinase like orphan receptor 1
33,93,hsa-miR-140-5p,51099,ABHD5,NM_016006,abhydrolase domain containing 5
34,93,hsa-miR-28-5p,3551,IKBKB,NM_001190720,inhibitor of nuclear factor kappa B kinase subunit beta
35,92,hsa-miR-140-5p,51564,HDAC7,NM_001098416,histone deacetylase 7
36,92,hsa-miR-140-5p,79768,KATNBL1,NM_024713,katanin regulatory subunit B1 like 1
37,92,hsa-miR-140-5p,23001,WDFY3,NM_014991,WD repeat and FYVE domain containing 3
38,92,hsa-miR-140-5p,10184,LHFPL2,NM_005779,LHFPL tetraspan subfamily member 2
39,92,hsa-miR-140-5p,55432,YOD1,NM_018566,YOD1 deubiquitinase
40,92,hsa-miR-140-5p,9819,TSC22D2,NM_001303264,TSC22 domain family member 2
41,92,hsa-miR-532-5p,2919,CXCL1,NM_001511,C-X-C motif chemokine ligand 1
42,92,hsa-miR-532-5p,23186,RCOR1,NM_015156,REST corepressor 1
43,92,hsa-miR-532-5p,29969,MDFIC,NM_001166345,MyoD family inhibitor domain containing
44,92,hsa-miR-532-5p,346288,Sep-14,NM_207366,septin 14
45,92,hsa-miR-532-5p,79029,SPATA5L1,NM_024063,spermatogenesis associated 5 like 1
46,92,hsa-miR-532-5p,6476,SI,NM_001041,sucrase-isomaltase
47,92,hsa-miR-28-5p,443,ASPA,NM_001128085,aspartoacylase
48,91,hsa-miR-140-5p,571,BACH1,NM_001186,BTB domain and CNC homolog 1
49,91,hsa-miR-140-5p,8850,KAT2B,NM_003884,lysine acetyltransferase 2B
50,91,hsa-miR-140-5p,4780,NFE2L2,NM_001145413,"nuclear factor, erythroid 2 like 2"
51,91,hsa-miR-140-5p,8936,WASF1,NM_001024934,WAS protein family member 1
52,91,hsa-miR-140-5p,55437,STRADB,NM_001206864,STE20 related adaptor beta
53,91,hsa-miR-532-5p,143279,HECTD2,NM_001284274,HECT domain E3 ubiquitin protein ligase 2
54,91,hsa-miR-532-5p,6599,SMARCC1,NM_003074,"SWI/SNF related, matrix associated, actin dependent regulator of chromatin subfamily c member 1"
55,91,hsa-miR-28-5p,4059,BCAM,NM_001013257,basal cell adhesion molecule (Lutheran blood group)
56,91,hsa-miR-28-5p,54916,TMEM260,NM_017799,transmembrane protein 260
57,91,hsa-miR-28-5p,4887,NPY2R,NM_000910,neuropeptide Y receptor Y2
58,91,hsa-miR-28-5p,51326,ARL17A,NM_001113738,ADP ribosylation factor like GTPase 17A
59,90,hsa-miR-140-5p,55715,DOK4,NM_018110,docking protein 4
60,90,hsa-miR-140-5p,11096,ADAMTS5,NM_007038,ADAM metallopeptidase with thrombospondin type 1 motif 5
61,90,hsa-miR-140-5p,10527,IPO7,NM_006391,importin 7
62,90,hsa-miR-140-5p,64710,NUCKS1,NM_022731,nuclear casein kinase and cyclin dependent kinase substrate 1
63,90,hsa-miR-140-5p,51479,ANKFY1,NM_001257999,ankyrin repeat and FYVE domain containing 1
64,90,hsa-miR-140-5p,4883,NPR3,NM_000908,natriuretic peptide receptor 3
65,90,hsa-miR-532-5p,5795,PTPRJ,NM_002843,"protein tyrosine phosphatase, receptor type J"
66,90,hsa-miR-532-5p,167691,LCA5,NM_001122769,"LCA5, lebercilin"
67,90,hsa-miR-532-5p,3845,KRAS,NM_004985,"KRAS proto-oncogene, GTPase"
68,90,hsa-miR-532-5p,53942,CNTN5,NM_001243270,contactin 5
69,90,hsa-miR-532-5p,130872,AHSA2P,NM_001321304,"activator of HSP90 ATPase homolog 2, pseudogene"
70,89,hsa-miR-140-5p,51366,UBR5,NM_015902,ubiquitin protein ligase E3 component n-recognin 5
71,89,hsa-miR-140-5p,80124,VCPIP1,NM_025054,valosin containing protein interacting protein 1
72,89,hsa-miR-140-5p,54916,TMEM260,NM_017799,transmembrane protein 260
73,89,hsa-miR-140-5p,26059,ERC2,NM_015576,ELKS/RAB6-interacting/CAST family member 2
74,89,hsa-miR-140-5p,182,JAG1,NM_000214,jagged 1
75,89,hsa-miR-532-5p,54832,VPS13C,NM_017684,vacuolar protein sorting 13 homolog C
76,89,hsa-miR-532-5p,196528,ARID2,NM_152641,AT-rich interaction domain 2
77,89,hsa-miR-532-5p,137392,FAM92A,NM_145269,family with sequence similarity 92 member A
78,89,hsa-miR-28-5p,55197,RPRD1A,NM_001303411,regulation of nuclear pre-mRNA domain containing 1A
79,89,hsa-miR-28-5p,126638,RPTN,NM_001122965,repetin
80,89,hsa-miR-28-5p,2020,EN2,NM_001427,engrailed homeobox 2
81,88,hsa-miR-140-5p,9969,MED13,NM_005121,mediator complex subunit 13
82,88,hsa-miR-140-5p,4038,LRP4,NM_002334,LDL receptor related protein 4
83,88,hsa-miR-532-5p,79572,ATP13A3,NM_024524,ATPase 13A3
84,88,hsa-miR-532-5p,27086,FOXP1,NM_001244813,forkhead box P1
85,88,hsa-miR-532-5p,8660,IRS2,NM_003749,insulin receptor substrate 2
86,88,hsa-miR-532-5p,79365,BHLHE41,NM_030762,basic helix-loop-helix family member e41
87,88,hsa-miR-532-5p,29953,TRHDE,NM_013381,thyrotropin releasing hormone degrading enzyme
88,88,hsa-miR-532-5p,92558,BICDL1,NM_207311,BICD family like cargo adaptor 1
89,88,hsa-miR-532-5p,54629,MINDY2,NM_001040453,MINDY lysine 48 deubiquitinase 2
90,88,hsa-miR-532-5p,286826,LIN9,NM_001270409,lin-9 DREAM MuvB core complex component
91,88,hsa-miR-532-5p,22849,CPEB3,NM_001178137,cytoplasmic polyadenylation element binding protein 3
92,88,hsa-miR-28-5p,7745,ZKSCAN8,NM_001278121,zinc finger with KRAB and SCAN domains 8
93,88,hsa-miR-28-5p,1112,FOXN3,NM_001085471,forkhead box N3
94,88,hsa-miR-28-5p,11170,FAM107A,NM_001076778,family with sequence similarity 107 member A
95,88,hsa-miR-28-5p,65267,WNK3,NM_001002838,WNK lysine deficient protein kinase 3
96,88,hsa-miR-28-5p,2823,GPM6A,NM_001261447,glycoprotein M6A
97,87,hsa-miR-140-5p,80133,MROH9,NM_001163629,maestro heat like repeat family member 9
98,87,hsa-miR-140-5p,23554,TSPAN12,NM_012338,tetraspanin 12
99,87,hsa-miR-140-5p,7716,VEZF1,NM_007146,vascular endothelial zinc finger 1
100,87,hsa-miR-140-5p,9229,DLGAP1,NM_001003809,DLG associated protein 1
101,87,hsa-miR-532-5p,135295,SRSF12,NM_080743,serine and arginine rich splicing factor 12
102,87,hsa-miR-532-5p,8803,SUCLA2,NM_003850,succinate-CoA ligase ADP-forming beta subunit
103,87,hsa-miR-532-5p,136306,SVOPL,NM_174959,SVOP like
104,87,hsa-miR-28-5p,1271,CNTFR,NM_001207011,ciliary neurotrophic factor receptor
105,87,hsa-miR-28-5p,204962,SLC44A5,NM_001320285,solute carrier family 44 member 5
106,86,hsa-miR-140-5p,399665,FAM102A,NM_001035254,family with sequence similarity 102 member A
107,86,hsa-miR-140-5p,140545,RNF32,NM_001308274,ring finger protein 32
108,86,hsa-miR-140-5p,200933,FBXO45,NM_001105573,F-box protein 45
109,86,hsa-miR-140-5p,29079,MED4,NM_014166,mediator complex subunit 4
110,86,hsa-miR-532-5p,65244,SPATS2,NM_001293285,spermatogenesis associated serine rich 2
111,86,hsa-miR-532-5p,2920,CXCL2,NM_002089,C-X-C motif chemokine ligand 2
112,86,hsa-miR-532-5p,6526,SLC5A3,NM_006933,solute carrier family 5 member 3
113,86,hsa-miR-28-5p,9815,GIT2,NM_001135213,GIT ArfGAP 2
114,85,hsa-miR-140-5p,26115,TANC2,NM_025185,"tetratricopeptide repeat, ankyrin repeat and coiled-coil containing 2"
115,85,hsa-miR-140-5p,23232,TBC1D12,NM_015188,TBC1 domain family member 12
116,85,hsa-miR-140-5p,65268,WNK2,NM_006648,WNK lysine deficient protein kinase 2
117,85,hsa-miR-532-5p,56288,PARD3,NM_001184791,par-3 family cell polarity regulator
118,85,hsa-miR-532-5p,23047,PDS5B,NM_015032,PDS5 cohesin associated factor B
119,85,hsa-miR-532-5p,285172,FAM126B,NM_001321622,family with sequence similarity 126 member B
120,85,hsa-miR-532-5p,2043,EPHA4,NM_001304537,EPH receptor A4
121,85,hsa-miR-532-5p,114825,PWWP2A,NM_052927,PWWP domain containing 2A
122,85,hsa-miR-532-5p,80314,EPC1,NM_001272004,enhancer of polycomb homolog 1
123,85,hsa-miR-532-5p,399948,COLCA1,NM_001302647,colorectal cancer associated 1
124,85,hsa-miR-532-5p,84083,ZRANB3,NM_032143,zinc finger RANBP2-type containing 3
125,85,hsa-miR-532-5p,1036,CDO1,NM_001323567,cysteine dioxygenase type 1
126,85,hsa-miR-28-5p,5324,PLAG1,NM_001114634,PLAG1 zinc finger
127,85,hsa-miR-28-5p,399968,PATE4,NM_001144874,prostate and testis expressed 4
128,85,hsa-miR-28-5p,26133,TRPC4AP,NM_015638,transient receptor potential cation channel subfamily C member 4 associated protein
129,85,hsa-miR-28-5p,114884,OSBPL10,NM_001174060,oxysterol binding protein like 10
130,85,hsa-miR-28-5p,25820,ARIH1,NM_005744,ariadne RBR E3 ubiquitin protein ligase 1
131,85,hsa-miR-28-5p,6749,SSRP1,NM_003146,structure specific recognition protein 1
132,85,hsa-miR-28-5p,373,TRIM23,NM_033228,tripartite motif containing 23
133,85,hsa-miR-28-5p,4858,NOVA2,NM_002516,NOVA alternative splicing regulator 2
134,85,hsa-miR-28-5p,6095,RORA,NM_002943,RAR related orphan receptor A
135,84,hsa-miR-140-5p,55233,MOB1A,NM_001317112,MOB kinase activator 1A
136,84,hsa-miR-140-5p,9857,CEP350,NM_014810,centrosomal protein 350
137,84,hsa-miR-140-5p,196527,ANO6,NM_001025356,anoctamin 6
138,84,hsa-miR-140-5p,3488,IGFBP5,NM_000599,insulin like growth factor binding protein 5
139,84,hsa-miR-140-5p,64864,RFX7,NM_022841,regulatory factor X7
140,84,hsa-miR-140-5p,51701,NLK,NM_016231,nemo like kinase
141,84,hsa-miR-140-5p,9788,MTSS1,NM_001282971,"MTSS1, I-BAR domain containing"
142,84,hsa-miR-140-5p,6643,SNX2,NM_001278199,sorting nexin 2
143,84,hsa-miR-532-5p,8801,SUCLG2,NM_003848,succinate-CoA ligase GDP-forming beta subunit
144,84,hsa-miR-532-5p,8856,NR1I2,NM_003889,nuclear receptor subfamily 1 group I member 2
145,84,hsa-miR-532-5p,64089,SNX16,NM_152837,sorting nexin 16
146,84,hsa-miR-532-5p,4693,NDP,NM_000266,"NDP, norrin cystine knot growth factor"
147,84,hsa-miR-532-5p,51014,TMED7,NM_181836,transmembrane p24 trafficking protein 7
148,84,hsa-miR-532-5p,91137,SLC25A46,NM_001303249,solute carrier family 25 member 46
149,83,hsa-miR-140-5p,389206,BEND4,NM_207406,BEN domain containing 4
150,83,hsa-miR-140-5p,23432,GPR161,NM_001267609,G protein-coupled receptor 161
151,83,hsa-miR-140-5p,91894,C11orf52,NM_080659,chromosome 11 open reading frame 52
152,83,hsa-miR-140-5p,2254,FGF9,NM_002010,fibroblast growth factor 9
153,83,hsa-miR-140-5p,10847,SRCAP,NM_006662,Snf2 related CREBBP activator protein
154,83,hsa-miR-140-5p,50810,HDGFL3,NM_016073,HDGF like 3
155,83,hsa-miR-140-5p,23259,DDHD2,NM_001164232,DDHD domain containing 2
156,83,hsa-miR-140-5p,54407,SLC38A2,NM_001307936,solute carrier family 38 member 2
157,83,hsa-miR-140-5p,57628,DPP10,NM_001178034,dipeptidyl peptidase like 10
158,83,hsa-miR-532-5p,56126,PCDHB10,NM_018930,protocadherin beta 10
159,83,hsa-miR-532-5p,7520,XRCC5,NM_021141,X-ray repair cross complementing 5
160,83,hsa-miR-532-5p,2494,NR5A2,NM_001276464,nuclear receptor subfamily 5 group A member 2
161,83,hsa-miR-532-5p,6890,TAP1,NM_000593,"transporter 1, ATP binding cassette subfamily B member"
162,83,hsa-miR-532-5p,54205,CYCS,NM_018947,"cytochrome c, somatic"
163,83,hsa-miR-28-5p,11223,MST1L,NM_001271733,macrophage stimulating 1 like
164,83,hsa-miR-28-5p,2244,FGB,NM_005141,fibrinogen beta chain
165,83,hsa-miR-28-5p,106707243,PRH1-TAS2R14,NM_001316893,PRH1-TAS2R14 readthrough
166,83,hsa-miR-28-5p,56704,JPH1,NM_020647,junctophilin 1
167,82,hsa-miR-140-5p,80114,BICC1,NM_001080512,BicC family RNA binding protein 1
168,82,hsa-miR-140-5p,27079,RPUSD2,NM_001286407,RNA pseudouridine synthase domain containing 2
169,82,hsa-miR-140-5p,80896,NPL,NM_030769,N-acetylneuraminate pyruvate lyase
170,82,hsa-miR-140-5p,160760,PPTC7,NM_139283,PTC7 protein phosphatase homolog
171,82,hsa-miR-140-5p,56204,FAM214A,NM_001286495,family with sequence similarity 214 member A
172,82,hsa-miR-140-5p,5618,PRLR,NM_001204314,prolactin receptor
173,82,hsa-miR-532-5p,6498,SKIL,NM_001248008,SKI like proto-oncogene
174,82,hsa-miR-532-5p,5911,RAP2A,NM_021033,"RAP2A, member of RAS oncogene family"
175,82,hsa-miR-532-5p,56907,SPIRE1,NM_001128626,spire type actin nucleation factor 1
176,82,hsa-miR-532-5p,10157,AASS,NM_005763,aminoadipate-semialdehyde synthase
177,82,hsa-miR-532-5p,10466,COG5,NM_001161520,component of oligomeric golgi complex 5
178,82,hsa-miR-532-5p,57700,FAM160B1,NM_020940,family with sequence similarity 160 member B1
179,82,hsa-miR-532-5p,9648,GCC2,NM_181453,GRIP and coiled-coil domain containing 2
180,82,hsa-miR-532-5p,51174,TUBD1,NM_001193612,tubulin delta 1
181,82,hsa-miR-532-5p,10396,ATP8A1,NM_001105529,ATPase phospholipid transporting 8A1
182,82,hsa-miR-532-5p,84220,RGPD5,NM_005054,RANBP2-like and GRIP domain containing 5
183,82,hsa-miR-28-5p,27158,NDOR1,NM_001144026,NADPH dependent diflavin oxidoreductase 1
184,82,hsa-miR-28-5p,8320,EOMES,NM_001278182,eomesodermin
185,82,hsa-miR-28-5p,4780,NFE2L2,NM_001145413,"nuclear factor, erythroid 2 like 2"
186,82,hsa-miR-28-5p,286006,LSMEM1,NM_001134468,leucine rich single-pass membrane protein 1
187,81,hsa-miR-140-5p,715,C1R,NM_001733,complement C1r
188,81,hsa-miR-140-5p,64645,MFSD14A,NM_033055,major facilitator superfamily domain containing 14A
189,81,hsa-miR-140-5p,1993,ELAVL2,NM_001171197,ELAV like RNA binding protein 2
190,81,hsa-miR-140-5p,84986,ARHGAP19,NM_001204300,Rho GTPase activating protein 19
191,81,hsa-miR-140-5p,7422,VEGFA,NM_001171627,vascular endothelial growth factor A
192,81,hsa-miR-140-5p,81790,RNF170,NM_001160223,ring finger protein 170
193,81,hsa-miR-140-5p,25948,KBTBD2,NM_015483,kelch repeat and BTB domain containing 2
194,81,hsa-miR-140-5p,7046,TGFBR1,NM_001130916,transforming growth factor beta receptor 1
195,81,hsa-miR-532-5p,55668,GPATCH2L,NM_001322031,G-patch domain containing 2 like
196,81,hsa-miR-532-5p,64328,XPO4,NM_022459,exportin 4
197,81,hsa-miR-532-5p,285190,RGPD4,NM_182588,RANBP2-like and GRIP domain containing 4
198,81,hsa-miR-532-5p,727851,RGPD8,NM_001164463,RANBP2-like and GRIP domain containing 8
199,81,hsa-miR-532-5p,151613,TTC14,NM_001042601,tetratricopeptide repeat domain 14
200,81,hsa-miR-532-5p,729540,RGPD6,NM_001123363,RANBP2-like and GRIP domain containing 6
201,81,hsa-miR-532-5p,5877,RABIF,NM_002871,RAB interacting factor
202,81,hsa-miR-28-5p,573,BAG1,NM_004323,BCL2 associated athanogene 1
203,81,hsa-miR-28-5p,54856,GON4L,NM_001282856,gon-4 like
204,81,hsa-miR-28-5p,22859,ADGRL1,NM_001008701,adhesion G protein-coupled receptor L1
205,81,hsa-miR-28-5p,55884,WSB2,NM_001278557,WD repeat and SOCS box containing 2
206,81,hsa-miR-28-5p,2932,GSK3B,NM_001146156,glycogen synthase kinase 3 beta
207,81,hsa-miR-28-5p,7008,TEF,NM_003216,"TEF, PAR bZIP transcription factor"
208,80,hsa-miR-140-5p,9110,MTMR4,NM_004687,myotubularin related protein 4
209,80,hsa-miR-140-5p,1316,KLF6,NM_001160125,Kruppel like factor 6
210,80,hsa-miR-140-5p,11215,AKAP11,NM_016248,A-kinase anchoring protein 11
211,80,hsa-miR-140-5p,6513,SLC2A1,NM_006516,solute carrier family 2 member 1
212,80,hsa-miR-140-5p,646962,HRCT1,NM_001039792,histidine rich carboxyl terminus 1
213,80,hsa-miR-140-5p,29966,STRN3,NM_001083893,striatin 3
214,80,hsa-miR-532-5p,6322,SCML1,NM_006746,Scm polycomb group protein like 1
215,80,hsa-miR-532-5p,7385,UQCRC2,NM_003366,ubiquinol-cytochrome c reductase core protein 2
216,80,hsa-miR-532-5p,80114,BICC1,NM_001080512,BicC family RNA binding protein 1
217,80,hsa-miR-532-5p,10336,PCGF3,NM_001317836,polycomb group ring finger 3
218,80,hsa-miR-532-5p,10818,FRS2,NM_001278354,fibroblast growth factor receptor substrate 2
219,80,hsa-miR-532-5p,114885,OSBPL11,NM_022776,oxysterol binding protein like 11
220,80,hsa-miR-28-5p,56477,CCL28,NM_148672,C-C motif chemokine ligand 28
221,80,hsa-miR-28-5p,79738,BBS10,NM_024685,Bardet-Biedl syndrome 10
222,80,hsa-miR-28-5p,9509,ADAMTS2,NM_014244,ADAM metallopeptidase with thrombospondin type 1 motif 2
223,80,hsa-miR-28-5p,84259,DCUN1D5,NM_001318739,defective in cullin neddylation 1 domain containing 5
224,80,hsa-miR-28-5p,220134,SKA1,NM_001039535,spindle and kinetochore associated complex subunit 1
225,79,hsa-miR-140-5p,102,ADAM10,NM_001110,ADAM metallopeptidase domain 10
226,79,hsa-miR-140-5p,9759,HDAC4,NM_006037,histone deacetylase 4
227,79,hsa-miR-140-5p,7099,TLR4,NM_138557,toll like receptor 4
228,79,hsa-miR-140-5p,51660,MPC1,NM_001270879,mitochondrial pyruvate carrier 1
229,79,hsa-miR-140-5p,83695,RHNO1,NM_001257097,RAD9-HUS1-RAD1 interacting nuclear orphan 1
230,79,hsa-miR-140-5p,19,ABCA1,NM_005502,ATP binding cassette subfamily A member 1
231,79,hsa-miR-532-5p,85407,NKD1,NM_033119,"NKD1, WNT signaling pathway inhibitor"
232,79,hsa-miR-532-5p,4790,NFKB1,NM_001319226,nuclear factor kappa B subunit 1
233,79,hsa-miR-532-5p,6546,SLC8A1,NM_001112800,solute carrier family 8 member A1
234,79,hsa-miR-532-5p,65061,CDK15,NM_001261436,cyclin dependent kinase 15
235,79,hsa-miR-28-5p,64225,ATL2,NM_022374,atlastin GTPase 2
236,79,hsa-miR-28-5p,9788,MTSS1,NM_001282971,"MTSS1, I-BAR domain containing"
237,79,hsa-miR-28-5p,83719,YPEL3,NM_031477,yippee like 3
238,79,hsa-miR-28-5p,5908,RAP1B,NM_001251922,"RAP1B, member of RAS oncogene family"
239,79,hsa-miR-28-5p,63876,PKNOX2,NM_022062,PBX/knotted 1 homeobox 2
240,79,hsa-miR-28-5p,865,CBFB,NM_001755,core-binding factor subunit beta
241,78,hsa-miR-140-5p,9934,P2RY14,NM_014879,purinergic receptor P2Y14
242,78,hsa-miR-140-5p,9263,STK17A,NM_004760,serine/threonine kinase 17a
243,78,hsa-miR-140-5p,54210,TREM1,NM_001242589,triggering receptor expressed on myeloid cells 1
244,78,hsa-miR-140-5p,5077,PAX3,NM_000438,paired box 3
245,78,hsa-miR-140-5p,90993,CREB3L1,NM_052854,cAMP responsive element binding protein 3 like 1
246,78,hsa-miR-140-5p,79645,EFCAB1,NM_001142857,EF-hand calcium binding domain 1
247,78,hsa-miR-532-5p,55854,ZC3H15,NM_018471,zinc finger CCCH-type containing 15
248,78,hsa-miR-532-5p,100129583,FAM47E,NM_001242936,family with sequence similarity 47 member E
249,78,hsa-miR-532-5p,56884,FSTL5,NM_020116,follistatin like 5
250,78,hsa-miR-532-5p,51277,DNAJC27,NM_016544,DnaJ heat shock protein family (Hsp40) member C27
251,78,hsa-miR-28-5p,388677,NOTCH2NLA,NM_203458,notch 2 N-terminal like A
252,78,hsa-miR-28-5p,54823,SWT1,NM_001105518,"SWT1, RNA endoribonuclease homolog"
253,78,hsa-miR-28-5p,118924,FRA10AC1,NM_145246,FRA10A associated CGG repeat 1
254,77,hsa-miR-140-5p,16,AARS,NM_001605,alanyl-tRNA synthetase
255,77,hsa-miR-140-5p,3992,FADS1,NM_013402,fatty acid desaturase 1
256,77,hsa-miR-140-5p,23314,SATB2,NM_001172509,SATB homeobox 2
257,77,hsa-miR-140-5p,5991,RFX3,NM_002919,regulatory factor X3
258,77,hsa-miR-140-5p,6400,SEL1L,NM_005065,"SEL1L, ERAD E3 ligase adaptor subunit"
259,77,hsa-miR-140-5p,158866,ZDHHC15,NM_001146257,zinc finger DHHC-type containing 15
260,77,hsa-miR-140-5p,150353,DNAJB7,NM_145174,DnaJ heat shock protein family (Hsp40) member B7
261,77,hsa-miR-532-5p,3747,KCNC2,NM_001260497,potassium voltage-gated channel subfamily C member 2
262,77,hsa-miR-532-5p,80205,CHD9,NM_001308319,chromodomain helicase DNA binding protein 9
263,77,hsa-miR-532-5p,10827,FAM114A2,NM_001317995,family with sequence similarity 114 member A2
264,77,hsa-miR-532-5p,116441,TM4SF18,NM_001184723,transmembrane 4 L six family member 18
265,77,hsa-miR-532-5p,642273,FAM110C,NM_001077710,family with sequence similarity 110 member C
266,77,hsa-miR-532-5p,4204,MECP2,NM_004992,methyl-CpG binding protein 2
267,77,hsa-miR-532-5p,79642,ARSJ,NM_024590,arylsulfatase family member J
268,77,hsa-miR-532-5p,57679,ALS2,NM_020919,"ALS2, alsin Rho guanine nucleotide exchange factor"
269,77,hsa-miR-532-5p,3313,HSPA9,NM_004134,heat shock protein family A (Hsp70) member 9
270,77,hsa-miR-532-5p,81034,SLC25A32,NM_030780,solute carrier family 25 member 32
271,77,hsa-miR-28-5p,27130,INVS,NM_014425,inversin
272,77,hsa-miR-28-5p,57412,AS3MT,NM_020682,arsenite methyltransferase
273,77,hsa-miR-28-5p,27065,NSG1,NM_001040101,neuronal vesicle trafficking associated 1
274,77,hsa-miR-28-5p,29960,MRM2,NM_013393,mitochondrial rRNA methyltransferase 2
275,77,hsa-miR-28-5p,6431,SRSF6,NM_006275,serine and arginine rich splicing factor 6
276,77,hsa-miR-28-5p,54454,ATAD2B,NM_001242338,"ATPase family, AAA domain containing 2B"
277,77,hsa-miR-28-5p,5051,PAFAH2,NM_000437,platelet activating factor acetylhydrolase 2
278,77,hsa-miR-28-5p,27122,DKK3,NM_001018057,dickkopf WNT signaling pathway inhibitor 3
279,77,hsa-miR-28-5p,91010,FMNL3,NM_175736,formin like 3
280,76,hsa-miR-140-5p,84295,PHF6,NM_032458,PHD finger protein 6
281,76,hsa-miR-140-5p,11041,B4GAT1,NM_006876,"beta-1,4-glucuronyltransferase 1"
282,76,hsa-miR-140-5p,6197,RPS6KA3,NM_004586,ribosomal protein S6 kinase A3
283,76,hsa-miR-140-5p,59277,NTN4,NM_021229,netrin 4
284,76,hsa-miR-140-5p,7335,UBE2V1,NM_001032288,ubiquitin conjugating enzyme E2 V1
285,76,hsa-miR-532-5p,29074,MRPL18,NM_001318817,mitochondrial ribosomal protein L18
286,76,hsa-miR-532-5p,2140,EYA3,NM_001282561,EYA transcriptional coactivator and phosphatase 3
287,76,hsa-miR-532-5p,201158,TVP23C,NM_001135036,trans-golgi network vesicle protein 23 homolog C
288,76,hsa-miR-532-5p,54756,IL17RD,NM_017563,interleukin 17 receptor D
289,76,hsa-miR-532-5p,5358,PLS3,NM_001282338,plastin 3
290,76,hsa-miR-532-5p,2153,F5,NM_000130,coagulation factor V
291,76,hsa-miR-532-5p,55699,IARS2,NM_018060,"isoleucyl-tRNA synthetase 2, mitochondrial"
292,76,hsa-miR-28-5p,127733,UBXN10,NM_152376,UBX domain protein 10
293,76,hsa-miR-28-5p,3888,KRT82,NM_033033,keratin 82
294,76,hsa-miR-28-5p,57466,SCAF4,NM_001145444,SR-related CTD associated factor 4
295,75,hsa-miR-140-5p,64924,SLC30A5,NM_022902,solute carrier family 30 member 5
296,75,hsa-miR-140-5p,65266,WNK4,NM_001321299,WNK lysine deficient protein kinase 4
297,75,hsa-miR-140-5p,6999,TDO2,NM_005651,"tryptophan 2,3-dioxygenase"
298,75,hsa-miR-140-5p,2737,GLI3,NM_000168,GLI family zinc finger 3
299,75,hsa-miR-140-5p,7525,YES1,NM_005433,"YES proto-oncogene 1, Src family tyrosine kinase"
300,75,hsa-miR-140-5p,8013,NR4A3,NM_006981,nuclear receptor subfamily 4 group A member 3
301,75,hsa-miR-140-5p,80198,MUS81,NM_025128,MUS81 structure-specific endonuclease subunit
302,75,hsa-miR-140-5p,1896,EDA,NM_001005610,ectodysplasin A
303,75,hsa-miR-532-5p,412,STS,NM_001320751,steroid sulfatase
304,75,hsa-miR-532-5p,84436,ZNF528,NM_032423,zinc finger protein 528
305,75,hsa-miR-532-5p,199990,FAAP20,NM_001282673,FA core complex associated protein 20
306,75,hsa-miR-532-5p,3745,KCNB1,NM_004975,potassium voltage-gated channel subfamily B member 1
307,75,hsa-miR-532-5p,84901,NFATC2IP,NM_032815,nuclear factor of activated T cells 2 interacting protein
308,75,hsa-miR-532-5p,81542,TMX1,NM_030755,thioredoxin related transmembrane protein 1
309,75,hsa-miR-532-5p,6424,SFRP4,NM_003014,secreted frizzled related protein 4
310,75,hsa-miR-532-5p,9967,THRAP3,NM_001321471,thyroid hormone receptor associated protein 3
311,75,hsa-miR-532-5p,9690,UBE3C,NM_014671,ubiquitin protein ligase E3C
312,75,hsa-miR-28-5p,186,AGTR2,NM_000686,angiotensin II receptor type 2
313,75,hsa-miR-28-5p,29119,CTNNA3,NM_001127384,catenin alpha 3
314,75,hsa-miR-28-5p,23210,JMJD6,NM_001081461,"jumonji domain containing 6, arginine demethylase and lysine hydroxylase"
315,74,hsa-miR-140-5p,23213,SULF1,NM_001128204,sulfatase 1
316,74,hsa-miR-140-5p,6672,SP100,NM_003113,SP100 nuclear antigen
317,74,hsa-miR-140-5p,2585,GALK2,NM_001289030,galactokinase 2
318,74,hsa-miR-140-5p,6718,AKR1D1,NM_001190907,aldo-keto reductase family 1 member D1
319,74,hsa-miR-140-5p,6935,ZEB1,NM_001128128,zinc finger E-box binding homeobox 1
320,74,hsa-miR-140-5p,5898,RALA,NM_005402,RAS like proto-oncogene A
321,74,hsa-miR-140-5p,203328,SUSD3,NM_001287005,sushi domain containing 3
322,74,hsa-miR-140-5p,8323,FZD6,NM_001317796,frizzled class receptor 6
323,74,hsa-miR-532-5p,85315,PAQR8,NM_133367,progestin and adipoQ receptor family member 8
324,74,hsa-miR-532-5p,55017,C14orf119,NM_017924,chromosome 14 open reading frame 119
325,74,hsa-miR-532-5p,22797,TFEC,NM_001018058,transcription factor EC
326,74,hsa-miR-532-5p,5787,PTPRB,NM_001206972,"protein tyrosine phosphatase, receptor type B"
327,74,hsa-miR-532-5p,130574,LYPD6,NM_194317,LY6/PLAUR domain containing 6
328,74,hsa-miR-532-5p,161003,STOML3,NM_001144033,stomatin like 3
329,74,hsa-miR-532-5p,5318,PKP2,NM_004572,plakophilin 2
330,74,hsa-miR-28-5p,57596,BEGAIN,NM_001159531,brain enriched guanylate kinase associated
331,74,hsa-miR-28-5p,10251,SPRY3,NM_001304990,sprouty RTK signaling antagonist 3
332,74,hsa-miR-28-5p,376267,RAB15,NM_198686,"RAB15, member RAS oncogene family"
333,74,hsa-miR-28-5p,256126,SYCE2,NM_001105578,synaptonemal complex central element protein 2
334,74,hsa-miR-28-5p,11099,PTPN21,NM_007039,"protein tyrosine phosphatase, non-receptor type 21"
335,74,hsa-miR-28-5p,56998,CTNNBIP1,NM_020248,catenin beta interacting protein 1
336,73,hsa-miR-140-5p,64094,SMOC2,NM_001166412,SPARC related modular calcium binding 2
337,73,hsa-miR-140-5p,79158,GNPTAB,NM_024312,N-acetylglucosamine-1-phosphate transferase subunits alpha and beta
338,73,hsa-miR-140-5p,166378,SPATA5,NM_145207,spermatogenesis associated 5
339,73,hsa-miR-140-5p,8452,CUL3,NM_001257197,cullin 3
340,73,hsa-miR-140-5p,11217,AKAP2,NM_001004065,A-kinase anchoring protein 2
341,73,hsa-miR-140-5p,84142,ABRAXAS1,NM_139076,"abraxas 1, BRCA1 A complex subunit"
342,73,hsa-miR-140-5p,53373,TPCN1,NM_001143819,two pore segment channel 1
343,73,hsa-miR-140-5p,60558,GUF1,NM_021927,"GUF1 homolog, GTPase"
344,73,hsa-miR-140-5p,29994,BAZ2B,NM_001289975,bromodomain adjacent to zinc finger domain 2B
345,73,hsa-miR-140-5p,445815,PALM2-AKAP2,NM_007203,PALM2-AKAP2 readthrough
346,73,hsa-miR-140-5p,100506144,TMEM35B,NM_001195156,transmembrane protein 35B
347,73,hsa-miR-140-5p,9397,NMT2,NM_004808,N-myristoyltransferase 2
348,73,hsa-miR-140-5p,8614,STC2,NM_003714,stanniocalcin 2
349,73,hsa-miR-532-5p,147920,IGFL2,NM_001135113,IGF like family member 2
350,73,hsa-miR-532-5p,63929,XPNPEP3,NM_022098,X-prolyl aminopeptidase 3
351,73,hsa-miR-532-5p,10194,TSHZ1,NM_001308210,teashirt zinc finger homeobox 1
352,73,hsa-miR-532-5p,84189,SLITRK6,NM_032229,SLIT and NTRK like family member 6
353,73,hsa-miR-532-5p,56990,CDC42SE2,NM_001038702,CDC42 small effector 2
354,73,hsa-miR-532-5p,55905,RNF114,NM_018683,ring finger protein 114
355,73,hsa-miR-532-5p,4891,SLC11A2,NM_001174128,solute carrier family 11 member 2
356,73,hsa-miR-532-5p,6645,SNTB2,NM_006750,syntrophin beta 2
357,73,hsa-miR-532-5p,64116,SLC39A8,NM_001135146,solute carrier family 39 member 8
358,73,hsa-miR-532-5p,23524,SRRM2,NM_016333,serine/arginine repetitive matrix 2
359,73,hsa-miR-532-5p,100996939,PYURF,NM_032906,PIGY upstream reading frame
360,73,hsa-miR-28-5p,6010,RHO,NM_000539,rhodopsin
361,73,hsa-miR-28-5p,8515,ITGA10,NM_001303041,integrin subunit alpha 10
362,73,hsa-miR-28-5p,5069,PAPPA,NM_002581,pappalysin 1
363,73,hsa-miR-28-5p,5957,RCVRN,NM_002903,recoverin
364,73,hsa-miR-28-5p,23098,SARM1,NM_015077,sterile alpha and TIR motif containing 1
365,73,hsa-miR-28-5p,92181,UBTD2,NM_152277,ubiquitin domain containing 2
366,73,hsa-miR-28-5p,153339,TMEM167A,NM_174909,transmembrane protein 167A
367,73,hsa-miR-28-5p,22832,CEP162,NM_014895,centrosomal protein 162
368,73,hsa-miR-28-5p,23179,RGL1,NM_015149,ral guanine nucleotide dissociation stimulator like 1
369,73,hsa-miR-28-5p,9912,ARHGAP44,NM_001321166,Rho GTPase activating protein 44
370,73,hsa-miR-28-5p,84951,TNS4,NM_032865,tensin 4
371,73,hsa-miR-28-5p,6426,SRSF1,NM_001078166,serine and arginine rich splicing factor 1
372,72,hsa-miR-140-5p,6477,SIAH1,NM_001006610,siah E3 ubiquitin protein ligase 1
373,72,hsa-miR-140-5p,5500,PPP1CB,NM_002709,protein phosphatase 1 catalytic subunit beta
374,72,hsa-miR-140-5p,23253,ANKRD12,NM_001083625,ankyrin repeat domain 12
375,72,hsa-miR-140-5p,23266,ADGRL2,NM_012302,adhesion G protein-coupled receptor L2
376,72,hsa-miR-140-5p,1982,EIF4G2,NM_001042559,eukaryotic translation initiation factor 4 gamma 2
377,72,hsa-miR-140-5p,10443,N4BP2L2,NM_033111,NEDD4 binding protein 2 like 2
378,72,hsa-miR-140-5p,23172,ABRAXAS2,NM_032182,"abraxas 2, BRISC complex subunit"
379,72,hsa-miR-140-5p,728780,ANKDD1B,NM_001276713,ankyrin repeat and death domain containing 1B
380,72,hsa-miR-140-5p,9162,DGKI,NM_001321709,diacylglycerol kinase iota
381,72,hsa-miR-140-5p,166968,MIER3,NM_001297598,MIER family member 3
382,72,hsa-miR-532-5p,8649,LAMTOR3,NM_001243736,"late endosomal/lysosomal adaptor, MAPK and MTOR activator 3"
383,72,hsa-miR-532-5p,10771,ZMYND11,NM_001202464,zinc finger MYND-type containing 11
384,72,hsa-miR-532-5p,57496,MRTFB,NM_001308142,myocardin related transcription factor B
385,72,hsa-miR-532-5p,30001,ERO1A,NM_014584,endoplasmic reticulum oxidoreductase 1 alpha
386,72,hsa-miR-532-5p,5506,PPP1R3A,NM_002711,protein phosphatase 1 regulatory subunit 3A
387,72,hsa-miR-532-5p,168374,ZNF92,NM_001287532,zinc finger protein 92
388,72,hsa-miR-532-5p,57597,BAHCC1,NM_001291324,BAH domain and coiled-coil containing 1
389,72,hsa-miR-532-5p,27253,PCDH17,NM_001040429,protocadherin 17
390,72,hsa-miR-532-5p,7003,TEAD1,NM_021961,TEA domain transcription factor 1
391,72,hsa-miR-28-5p,835,CASP2,NM_032982,caspase 2
392,72,hsa-miR-28-5p,8074,FGF23,NM_020638,fibroblast growth factor 23
393,72,hsa-miR-28-5p,7994,KAT6A,NM_006766,lysine acetyltransferase 6A
394,72,hsa-miR-28-5p,5062,PAK2,NM_002577,p21 (RAC1) activated kinase 2
395,72,hsa-miR-28-5p,89796,NAV1,NM_020443,neuron navigator 1
396,71,hsa-miR-140-5p,94241,TP53INP1,NM_001135733,tumor protein p53 inducible nuclear protein 1
397,71,hsa-miR-140-5p,3321,IGSF3,NM_001007237,immunoglobulin superfamily member 3
398,71,hsa-miR-140-5p,84458,LCOR,NM_001170766,ligand dependent nuclear receptor corepressor
399,71,hsa-miR-140-5p,2581,GALC,NM_001201401,galactosylceramidase
400,71,hsa-miR-140-5p,9649,RALGPS1,NM_014636,Ral GEF with PH domain and SH3 binding motif 1
401,71,hsa-miR-140-5p,51126,NAA20,NM_181528,"N(alpha)-acetyltransferase 20, NatB catalytic subunit"
402,71,hsa-miR-140-5p,84620,ST6GAL2,NM_032528,"ST6 beta-galactoside alpha-2,6-sialyltransferase 2"
403,71,hsa-miR-140-5p,28962,OSTM1,NM_014028,osteoclastogenesis associated transmembrane protein 1
404,71,hsa-miR-140-5p,1005,CDH7,NM_004361,cadherin 7
405,71,hsa-miR-532-5p,8899,PRPF4B,NM_003913,pre-mRNA processing factor 4B
406,71,hsa-miR-532-5p,128553,TSHZ2,NM_001193421,teashirt zinc finger homeobox 2
407,71,hsa-miR-532-5p,10352,WARS2,NM_015836,"tryptophanyl tRNA synthetase 2, mitochondrial"
408,71,hsa-miR-532-5p,27032,ATP2C1,NM_001199184,ATPase secretory pathway Ca2+ transporting 1
409,71,hsa-miR-28-5p,151306,GPBAR1,NM_170699,G protein-coupled bile acid receptor 1
410,71,hsa-miR-28-5p,64849,SLC13A3,NM_001011554,solute carrier family 13 member 3
411,71,hsa-miR-28-5p,255919,CNEP1R1,NM_153261,CTD nuclear envelope phosphatase 1 regulatory subunit 1
412,71,hsa-miR-28-5p,57532,NUFIP2,NM_020772,nuclear FMR1 interacting protein 2
413,70,hsa-miR-140-5p,139189,DGKK,NM_001013742,diacylglycerol kinase kappa
414,70,hsa-miR-140-5p,54918,CMTM6,NM_017801,CKLF like MARVEL transmembrane domain containing 6
415,70,hsa-miR-140-5p,54558,SPATA6,NM_001286238,spermatogenesis associated 6
416,70,hsa-miR-140-5p,9480,ONECUT2,NM_004852,one cut homeobox 2
417,70,hsa-miR-140-5p,2776,GNAQ,NM_002072,G protein subunit alpha q
418,70,hsa-miR-140-5p,55339,WDR33,NM_018383,WD repeat domain 33
419,70,hsa-miR-140-5p,4001,LMNB1,NM_001198557,lamin B1
420,70,hsa-miR-140-5p,23120,ATP10B,NM_025153,ATPase phospholipid transporting 10B (putative)
421,70,hsa-miR-140-5p,647286,RD3L,NM_001257268,retinal degeneration 3 like
422,70,hsa-miR-140-5p,5351,PLOD1,NM_000302,"procollagen-lysine,2-oxoglutarate 5-dioxygenase 1"
423,70,hsa-miR-140-5p,84230,LRRC8C,NM_032270,leucine rich repeat containing 8 VRAC subunit C
424,70,hsa-miR-140-5p,2823,GPM6A,NM_201592,glycoprotein M6A
425,70,hsa-miR-140-5p,51341,ZBTB7A,NM_001317990,zinc finger and BTB domain containing 7A
426,70,hsa-miR-140-5p,54622,ARL15,NM_019087,ADP ribosylation factor like GTPase 15
427,70,hsa-miR-140-5p,10622,POLR3G,NM_006467,RNA polymerase III subunit G
428,70,hsa-miR-532-5p,29063,ZCCHC4,NM_001318148,zinc finger CCHC-type containing 4
429,70,hsa-miR-532-5p,100529239,RPS10-NUDT3,NM_001202470,RPS10-NUDT3 readthrough
430,70,hsa-miR-532-5p,3416,IDE,NM_001165946,insulin degrading enzyme
431,70,hsa-miR-532-5p,11165,NUDT3,NM_006703,nudix hydrolase 3
432,70,hsa-miR-532-5p,6854,SYN2,NM_133625,synapsin II
433,70,hsa-miR-532-5p,80195,TMEM254,NM_001270369,transmembrane protein 254
434,70,hsa-miR-532-5p,3572,IL6ST,NM_175767,interleukin 6 signal transducer
435,70,hsa-miR-532-5p,8565,YARS,NM_003680,tyrosyl-tRNA synthetase
436,70,hsa-miR-532-5p,147372,CCBE1,NM_133459,collagen and calcium binding EGF domains 1
437,70,hsa-miR-28-5p,5929,RBBP5,NM_005057,"RB binding protein 5, histone lysine methyltransferase complex subunit"
438,70,hsa-miR-28-5p,116931,MED12L,NM_053002,mediator complex subunit 12 like
439,70,hsa-miR-28-5p,26031,OSBPL3,NM_145321,oxysterol binding protein like 3
440,70,hsa-miR-28-5p,23096,IQSEC2,NM_015075,IQ motif and Sec7 domain 2
441,70,hsa-miR-28-5p,57687,VAT1L,NM_020927,vesicle amine transport 1 like
442,70,hsa-miR-28-5p,2218,FKTN,NM_001198963,fukutin
443,70,hsa-miR-28-5p,4085,MAD2L1,NM_002358,mitotic arrest deficient 2 like 1
444,70,hsa-miR-28-5p,10752,CHL1,NM_001253388,cell adhesion molecule L1 like
445,70,hsa-miR-28-5p,5648,MASP1,NM_001879,mannan binding lectin serine peptidase 1
446,70,hsa-miR-28-5p,9266,CYTH2,NM_004228,cytohesin 2
447,70,hsa-miR-28-5p,9653,HS2ST1,NM_012262,heparan sulfate 2-O-sulfotransferase 1
448,70,hsa-miR-28-5p,8287,USP9Y,NM_004654,ubiquitin specific peptidase 9 Y-linked
449,70,hsa-miR-28-5p,124274,GPR139,NM_001002911,G protein-coupled receptor 139
450,69,hsa-miR-140-5p,65986,ZBTB10,NM_023929,zinc finger and BTB domain containing 10
451,69,hsa-miR-140-5p,1308,COL17A1,NM_000494,collagen type XVII alpha 1 chain
452,69,hsa-miR-140-5p,100129361,SMIM10L1,NM_001271592,small integral membrane protein 10 like 1
453,69,hsa-miR-140-5p,151254,C2CD6,NM_001168217,C2 calcium dependent domain containing 6
454,69,hsa-miR-140-5p,965,CD58,NM_001144822,CD58 molecule
455,69,hsa-miR-140-5p,9766,SUSD6,NM_014734,sushi domain containing 6
456,69,hsa-miR-140-5p,54566,EPB41L4B,NM_018424,erythrocyte membrane protein band 4.1 like 4B
457,69,hsa-miR-140-5p,22824,HSPA4L,NM_001317382,heat shock protein family A (Hsp70) member 4 like
458,69,hsa-miR-140-5p,23385,NCSTN,NM_015331,nicastrin
459,69,hsa-miR-140-5p,22916,NCBP2,NM_007362,nuclear cap binding protein subunit 2
460,69,hsa-miR-532-5p,387882,C12orf75,NM_001145199,chromosome 12 open reading frame 75
461,69,hsa-miR-532-5p,10143,CLEC3A,NM_005752,C-type lectin domain family 3 member A
462,69,hsa-miR-532-5p,280636,SELENOH,NM_001321335,selenoprotein H
463,69,hsa-miR-532-5p,619279,ZNF704,NM_001033723,zinc finger protein 704
464,69,hsa-miR-532-5p,5813,PURA,NM_005859,purine rich element binding protein A
465,69,hsa-miR-532-5p,22901,ARSG,NM_014960,arylsulfatase G
466,69,hsa-miR-532-5p,889,KRIT1,NM_194455,"KRIT1, ankyrin repeat containing"
467,69,hsa-miR-532-5p,149420,PDIK1L,NM_001243532,PDLIM1 interacting kinase 1 like
468,69,hsa-miR-532-5p,100526773,EPPIN-WFDC6,NM_001198986,EPPIN-WFDC6 readthrough
469,69,hsa-miR-532-5p,3952,LEP,NM_000230,leptin
470,69,hsa-miR-532-5p,5101,PCDH9,NM_001318372,protocadherin 9
471,69,hsa-miR-28-5p,55654,TMEM127,NM_017849,transmembrane protein 127
472,69,hsa-miR-28-5p,84299,MIEN1,NM_032339,migration and invasion enhancer 1
473,69,hsa-miR-28-5p,140461,ASB8,NM_001319300,ankyrin repeat and SOCS box containing 8
474,69,hsa-miR-28-5p,55739,NAXD,NM_018210,NAD(P)HX dehydratase
475,69,hsa-miR-28-5p,8449,DHX16,NM_001164239,DEAH-box helicase 16
476,69,hsa-miR-28-5p,8030,CCDC6,NM_005436,coiled-coil domain containing 6
477,69,hsa-miR-28-5p,22848,AAK1,NM_014911,AP2 associated kinase 1
478,69,hsa-miR-28-5p,4297,KMT2A,NM_001197104,lysine methyltransferase 2A
479,68,hsa-miR-140-5p,9410,SNRNP40,NM_004814,small nuclear ribonucleoprotein U5 subunit 40
480,68,hsa-miR-140-5p,2140,EYA3,NM_001282561,EYA transcriptional coactivator and phosphatase 3
481,68,hsa-miR-140-5p,6456,SH3GL2,NM_003026,"SH3 domain containing GRB2 like 2, endophilin A1"
482,68,hsa-miR-140-5p,23358,USP24,NM_015306,ubiquitin specific peptidase 24
483,68,hsa-miR-140-5p,57827,C6orf47,NM_021184,chromosome 6 open reading frame 47
484,68,hsa-miR-140-5p,23305,ACSL6,NM_001009185,acyl-CoA synthetase long chain family member 6
485,68,hsa-miR-140-5p,9266,CYTH2,NM_004228,cytohesin 2
486,68,hsa-miR-140-5p,692094,MSMP,NM_001044264,"microseminoprotein, prostate associated"
487,68,hsa-miR-140-5p,84817,TXNDC17,NM_032731,thioredoxin domain containing 17
488,68,hsa-miR-140-5p,5395,PMS2,NM_000535,"PMS1 homolog 2, mismatch repair system component"
489,68,hsa-miR-532-5p,390927,ZNF793,NM_001013659,zinc finger protein 793
490,68,hsa-miR-532-5p,8828,NRP2,NM_003872,neuropilin 2
491,68,hsa-miR-532-5p,2551,GABPA,NM_001197297,GA binding protein transcription factor subunit alpha
492,68,hsa-miR-532-5p,26207,PITPNC1,NM_181671,phosphatidylinositol transfer protein cytoplasmic 1
493,68,hsa-miR-532-5p,79912,PYROXD1,NM_024854,pyridine nucleotide-disulphide oxidoreductase domain 1
494,68,hsa-miR-532-5p,51617,NSG2,NM_015980,neuronal vesicle trafficking associated 2
495,68,hsa-miR-532-5p,4205,MEF2A,NM_001130926,myocyte enhancer factor 2A
496,68,hsa-miR-28-5p,9352,TXNL1,NM_004786,thioredoxin like 1
497,68,hsa-miR-28-5p,58473,PLEKHB1,NM_021200,pleckstrin homology domain containing B1
498,68,hsa-miR-28-5p,6453,ITSN1,NM_003024,intersectin 1
499,68,hsa-miR-28-5p,51725,FBXO40,NM_016298,F-box protein 40
500,68,hsa-miR-28-5p,84187,TMEM164,NM_032227,transmembrane protein 164
501,68,hsa-miR-28-5p,63939,FAM217B,NM_001190826,family with sequence similarity 217 member B
502,68,hsa-miR-28-5p,80818,ZNF436,NM_030634,zinc finger protein 436
503,68,hsa-miR-28-5p,2849,GPR26,NM_153442,G protein-coupled receptor 26
504,68,hsa-miR-28-5p,9986,RCE1,NM_001032279,Ras converting CAAX endopeptidase 1
505,67,hsa-miR-140-5p,11070,TMEM115,NM_007024,transmembrane protein 115
506,67,hsa-miR-140-5p,5908,RAP1B,NM_001010942,"RAP1B, member of RAS oncogene family"
507,67,hsa-miR-140-5p,28964,GIT1,NM_001085454,GIT ArfGAP 1
508,67,hsa-miR-140-5p,9805,SCRN1,NM_001145513,secernin 1
509,67,hsa-miR-140-5p,57619,SHROOM3,NM_020859,shroom family member 3
510,67,hsa-miR-140-5p,7464,CORO2A,NM_052820,coronin 2A
511,67,hsa-miR-140-5p,23462,HEY1,NM_001040708,hes related family bHLH transcription factor with YRPW motif 1
512,67,hsa-miR-140-5p,60481,ELOVL5,NM_001242828,ELOVL fatty acid elongase 5
513,67,hsa-miR-532-5p,10427,SEC24B,NM_001042734,"SEC24 homolog B, COPII coat complex component"
514,67,hsa-miR-532-5p,10813,UTP14A,NM_006649,"UTP14A, small subunit processome component"
515,67,hsa-miR-532-5p,79772,MCTP1,NM_001297777,multiple C2 and transmembrane domain containing 1
516,67,hsa-miR-532-5p,9766,SUSD6,NM_014734,sushi domain containing 6
517,67,hsa-miR-532-5p,80319,CXXC4,NM_025212,CXXC finger protein 4
518,67,hsa-miR-532-5p,9644,SH3PXD2A,NM_014631,SH3 and PX domains 2A
519,67,hsa-miR-532-5p,54103,GSAP,NM_017439,gamma-secretase activating protein
520,67,hsa-miR-532-5p,10051,SMC4,NM_001288753,structural maintenance of chromosomes 4
521,67,hsa-miR-28-5p,4293,MAP3K9,NM_033141,mitogen-activated protein kinase kinase kinase 9
522,67,hsa-miR-28-5p,254394,MCM9,NM_153255,minichromosome maintenance 9 homologous recombination repair factor
523,67,hsa-miR-28-5p,9175,MAP3K13,NM_004721,mitogen-activated protein kinase kinase kinase 13
524,67,hsa-miR-28-5p,64784,CRTC3,NM_001042574,CREB regulated transcription coactivator 3
525,67,hsa-miR-28-5p,148266,ZNF569,NM_152484,zinc finger protein 569
526,67,hsa-miR-28-5p,5966,REL,NM_002908,"REL proto-oncogene, NF-kB subunit"
527,67,hsa-miR-28-5p,346157,ZNF391,NM_001322288,zinc finger protein 391
528,67,hsa-miR-28-5p,151194,METTL21A,NM_145280,methyltransferase like 21A
529,67,hsa-miR-28-5p,9295,SRSF11,NM_001190987,serine and arginine rich splicing factor 11
530,67,hsa-miR-28-5p,26033,ATRNL1,NM_207303,attractin like 1
531,67,hsa-miR-28-5p,9581,PREPL,NM_001042385,prolyl endopeptidase like
532,66,hsa-miR-140-5p,143279,HECTD2,NM_001284274,HECT domain E3 ubiquitin protein ligase 2
533,66,hsa-miR-140-5p,26137,ZBTB20,NM_001164342,zinc finger and BTB domain containing 20
534,66,hsa-miR-140-5p,54467,ANKIB1,NM_019004,ankyrin repeat and IBR domain containing 1
535,66,hsa-miR-140-5p,79872,CBLL1,NM_001284291,Cbl proto-oncogene like 1
536,66,hsa-miR-140-5p,607,BCL9,NM_004326,"BCL9, transcription coactivator"
537,66,hsa-miR-140-5p,11244,ZHX1,NM_001017926,zinc fingers and homeoboxes 1
538,66,hsa-miR-140-5p,836,CASP3,NM_004346,caspase 3
539,66,hsa-miR-140-5p,8754,ADAM9,NM_003816,ADAM metallopeptidase domain 9
540,66,hsa-miR-140-5p,317762,CCDC85C,NM_001144995,coiled-coil domain containing 85C
541,66,hsa-miR-140-5p,4659,PPP1R12A,NM_001143885,protein phosphatase 1 regulatory subunit 12A
542,66,hsa-miR-140-5p,9464,HAND2,NM_021973,heart and neural crest derivatives expressed 2
543,66,hsa-miR-140-5p,55914,ERBIN,NM_001006600,erbb2 interacting protein
544,66,hsa-miR-140-5p,57553,MICAL3,NM_015241,"microtubule associated monooxygenase, calponin and LIM domain containing 3"
545,66,hsa-miR-532-5p,643314,KIAA0754,NM_015038,KIAA0754
546,66,hsa-miR-532-5p,4673,NAP1L1,NM_139207,nucleosome assembly protein 1 like 1
547,66,hsa-miR-532-5p,139322,APOOL,NM_198450,apolipoprotein O like
548,66,hsa-miR-532-5p,7913,DEK,NM_001134709,DEK proto-oncogene
549,66,hsa-miR-532-5p,399947,C11orf87,NM_207645,chromosome 11 open reading frame 87
550,66,hsa-miR-532-5p,9917,FAM20B,NM_001324311,"FAM20B, glycosaminoglycan xylosylkinase"
551,66,hsa-miR-532-5p,9201,DCLK1,NM_001195415,doublecortin like kinase 1
552,66,hsa-miR-532-5p,58500,ZNF250,NM_001109689,zinc finger protein 250
553,66,hsa-miR-532-5p,23065,EMC1,NM_001271429,ER membrane protein complex subunit 1
554,66,hsa-miR-28-5p,6678,SPARC,NM_003118,secreted protein acidic and cysteine rich
555,66,hsa-miR-28-5p,56894,AGPAT3,NM_020132,1-acylglycerol-3-phosphate O-acyltransferase 3
556,66,hsa-miR-28-5p,145946,SPATA8,NM_173499,spermatogenesis associated 8
557,66,hsa-miR-28-5p,653689,GSTT2B,NM_001080843,glutathione S-transferase theta 2B (gene/pseudogene)
558,66,hsa-miR-28-5p,2308,FOXO1,NM_002015,forkhead box O1
559,66,hsa-miR-28-5p,51014,TMED7,NM_181836,transmembrane p24 trafficking protein 7
560,66,hsa-miR-28-5p,26049,FAM169A,NM_015566,family with sequence similarity 169 member A
561,66,hsa-miR-28-5p,1783,DYNC1LI2,NM_001323955,dynein cytoplasmic 1 light intermediate chain 2
562,66,hsa-miR-28-5p,26137,ZBTB20,NM_001164343,zinc finger and BTB domain containing 20
563,66,hsa-miR-28-5p,117289,TAGAP,NM_001278733,T cell activation RhoGTPase activating protein
564,65,hsa-miR-140-5p,387522,TMEM189-UBE2V1,NM_199203,TMEM189-UBE2V1 readthrough
565,65,hsa-miR-140-5p,4589,MUC7,NM_001145006,"mucin 7, secreted"
566,65,hsa-miR-140-5p,11174,ADAMTS6,NM_197941,ADAM metallopeptidase with thrombospondin type 1 motif 6
567,65,hsa-miR-140-5p,51068,NMD3,NM_015938,NMD3 ribosome export adaptor
568,65,hsa-miR-140-5p,9512,PMPCB,NM_004279,"peptidase, mitochondrial processing beta subunit"
569,65,hsa-miR-140-5p,122060,SLAIN1,NM_144595,SLAIN motif family member 1
570,65,hsa-miR-140-5p,3664,IRF6,NM_001206696,interferon regulatory factor 6
571,65,hsa-miR-140-5p,100526794,NT5C1B-RDH14,NM_001199104,NT5C1B-RDH14 readthrough
572,65,hsa-miR-140-5p,116966,WDR17,NM_170710,WD repeat domain 17
573,65,hsa-miR-140-5p,10905,MAN1A2,NM_006699,mannosidase alpha class 1A member 2
574,65,hsa-miR-140-5p,2060,EPS15,NM_001981,epidermal growth factor receptor pathway substrate 15
575,65,hsa-miR-140-5p,1508,CTSB,NM_147783,cathepsin B
576,65,hsa-miR-140-5p,9227,LRAT,NM_004744,lecithin retinol acyltransferase
577,65,hsa-miR-140-5p,145282,MIPOL1,NM_001195296,mirror-image polydactyly 1
578,65,hsa-miR-532-5p,90459,ERI1,NM_153332,exoribonuclease 1
579,65,hsa-miR-532-5p,80821,DDHD1,NM_001160148,DDHD domain containing 1
580,65,hsa-miR-532-5p,80731,THSD7B,NM_001316349,thrombospondin type 1 domain containing 7B
581,65,hsa-miR-532-5p,2495,FTH1,NM_002032,ferritin heavy chain 1
582,65,hsa-miR-532-5p,8445,DYRK2,NM_003583,dual specificity tyrosine phosphorylation regulated kinase 2
583,65,hsa-miR-532-5p,56886,UGGT1,NM_020120,UDP-glucose glycoprotein glucosyltransferase 1
584,65,hsa-miR-532-5p,2157,F8,NM_000132,coagulation factor VIII
585,65,hsa-miR-532-5p,6197,RPS6KA3,NM_004586,ribosomal protein S6 kinase A3
586,65,hsa-miR-532-5p,25927,CNRIP1,NM_015463,cannabinoid receptor interacting protein 1
587,65,hsa-miR-28-5p,285195,SLC9A9,NM_173653,solute carrier family 9 member A9
588,65,hsa-miR-28-5p,6158,RPL28,NM_001136134,ribosomal protein L28
589,65,hsa-miR-28-5p,582,BBS1,NM_024649,Bardet-Biedl syndrome 1
590,65,hsa-miR-28-5p,3758,KCNJ1,NM_153767,potassium voltage-gated channel subfamily J member 1
591,65,hsa-miR-28-5p,286343,LURAP1L,NM_203403,leucine rich adaptor protein 1 like
592,65,hsa-miR-28-5p,83953,FCAMR,NM_001170631,Fc fragment of IgA and IgM receptor
593,65,hsa-miR-28-5p,11056,DDX52,NM_001291476,DExD-box helicase 52
594,65,hsa-miR-28-5p,10331,B3GNT3,NM_014256,"UDP-GlcNAc:betaGal beta-1,3-N-acetylglucosaminyltransferase 3"
595,64,hsa-miR-140-5p,5655,KLK10,NM_145888,kallikrein related peptidase 10
596,64,hsa-miR-140-5p,151195,CCNYL1,NM_001142300,cyclin Y like 1
597,64,hsa-miR-140-5p,161742,SPRED1,NM_152594,sprouty related EVH1 domain containing 1
598,64,hsa-miR-140-5p,5013,OTX1,NM_001199770,orthodenticle homeobox 1
599,64,hsa-miR-140-5p,123879,DCUN1D3,NM_173475,defective in cullin neddylation 1 domain containing 3
600,64,hsa-miR-140-5p,6764,ST5,NM_005418,suppression of tumorigenicity 5
601,64,hsa-miR-140-5p,10725,NFAT5,NM_001113178,nuclear factor of activated T cells 5
602,64,hsa-miR-140-5p,5150,PDE7A,NM_001242318,phosphodiesterase 7A
603,64,hsa-miR-140-5p,1808,DPYSL2,NM_001244604,dihydropyrimidinase like 2
604,64,hsa-miR-140-5p,114880,OSBPL6,NM_001201480,oxysterol binding protein like 6
605,64,hsa-miR-140-5p,56964,WDR93,NM_001284395,WD repeat domain 93
606,64,hsa-miR-140-5p,9202,ZMYM4,NM_005095,zinc finger MYM-type containing 4
607,64,hsa-miR-140-5p,56650,CLDND1,NM_019895,claudin domain containing 1
608,64,hsa-miR-532-5p,3552,IL1A,NM_000575,interleukin 1 alpha
609,64,hsa-miR-532-5p,5715,PSMD9,NM_001261400,"proteasome 26S subunit, non-ATPase 9"
610,64,hsa-miR-532-5p,2139,EYA2,NM_172110,EYA transcriptional coactivator and phosphatase 2
611,64,hsa-miR-532-5p,2173,FABP7,NM_001319041,fatty acid binding protein 7
612,64,hsa-miR-532-5p,7586,ZKSCAN1,NM_001287055,zinc finger with KRAB and SCAN domains 1
613,64,hsa-miR-532-5p,22906,TRAK1,NM_001042646,trafficking kinesin protein 1
614,64,hsa-miR-532-5p,2633,GBP1,NM_002053,guanylate binding protein 1
615,64,hsa-miR-532-5p,23176,Sep-08,NM_001098812,septin 8
616,64,hsa-miR-532-5p,8614,STC2,NM_003714,stanniocalcin 2
617,64,hsa-miR-532-5p,9829,DNAJC6,NM_001256865,DnaJ heat shock protein family (Hsp40) member C6
618,64,hsa-miR-532-5p,1660,DHX9,NM_001357,DExH-box helicase 9
619,64,hsa-miR-28-5p,4361,MRE11,NM_005591,"MRE11 homolog, double strand break repair nuclease"
620,64,hsa-miR-28-5p,1141,CHRNB2,NM_000748,cholinergic receptor nicotinic beta 2 subunit
621,64,hsa-miR-28-5p,6310,ATXN1,NM_000332,ataxin 1
622,64,hsa-miR-28-5p,85451,UNK,NM_001080419,unk zinc finger
623,64,hsa-miR-28-5p,57553,MICAL3,NM_015241,"microtubule associated monooxygenase, calponin and LIM domain containing 3"
624,64,hsa-miR-28-5p,730094,MOSMO,NM_001164579,modulator of smoothened
625,64,hsa-miR-28-5p,2145,EZH1,NM_001321079,enhancer of zeste 1 polycomb repressive complex 2 subunit
626,64,hsa-miR-28-5p,4124,MAN2A1,NM_002372,mannosidase alpha class 2A member 1
627,64,hsa-miR-28-5p,84450,ZNF512,NM_001271287,zinc finger protein 512
628,63,hsa-miR-140-5p,27241,BBS9,NM_001033604,Bardet-Biedl syndrome 9
629,63,hsa-miR-140-5p,57210,SLC45A4,NM_001286648,solute carrier family 45 member 4
630,63,hsa-miR-140-5p,2005,ELK4,NM_021795,"ELK4, ETS transcription factor"
631,63,hsa-miR-140-5p,54812,AFTPH,NM_001002243,aftiphilin
632,63,hsa-miR-140-5p,5877,RABIF,NM_002871,RAB interacting factor
633,63,hsa-miR-140-5p,3745,KCNB1,NM_004975,potassium voltage-gated channel subfamily B member 1
634,63,hsa-miR-140-5p,81491,GPR63,NM_001143957,G protein-coupled receptor 63
635,63,hsa-miR-140-5p,115548,FCHO2,NM_138782,FCH domain only 2
636,63,hsa-miR-140-5p,23518,R3HDM1,NM_001282799,R3H domain containing 1
637,63,hsa-miR-140-5p,55006,TRMT61B,NM_017910,tRNA methyltransferase 61B
638,63,hsa-miR-140-5p,1740,DLG2,NM_001142699,discs large MAGUK scaffold protein 2
639,63,hsa-miR-532-5p,225,ABCD2,NM_005164,ATP binding cassette subfamily D member 2
640,63,hsa-miR-532-5p,100505741,SPATA1,NM_001310156,spermatogenesis associated 1
641,63,hsa-miR-532-5p,54928,IMPAD1,NM_017813,inositol monophosphatase domain containing 1
642,63,hsa-miR-532-5p,6856,SYPL1,NM_006754,synaptophysin like 1
643,63,hsa-miR-532-5p,323,APBB2,NM_001166050,amyloid beta precursor protein binding family B member 2
644,63,hsa-miR-532-5p,1012,CDH13,NM_001220490,cadherin 13
645,63,hsa-miR-532-5p,81704,DOCK8,NM_001190458,dedicator of cytokinesis 8
646,63,hsa-miR-532-5p,79075,DSCC1,NM_024094,DNA replication and sister chromatid cohesion 1
647,63,hsa-miR-532-5p,147657,ZNF480,NM_001297625,zinc finger protein 480
648,63,hsa-miR-532-5p,132724,TMPRSS11B,NM_182502,transmembrane serine protease 11B
649,63,hsa-miR-532-5p,54793,KCTD9,NM_017634,potassium channel tetramerization domain containing 9
650,63,hsa-miR-532-5p,160851,DGKH,NM_001204506,diacylglycerol kinase eta
651,63,hsa-miR-532-5p,55074,OXR1,NM_001198532,oxidation resistance 1
652,63,hsa-miR-28-5p,29109,FHOD1,NM_001318202,formin homology 2 domain containing 1
653,63,hsa-miR-28-5p,4352,MPL,NM_005373,"MPL proto-oncogene, thrombopoietin receptor"
654,63,hsa-miR-28-5p,57715,SEMA4G,NM_001203244,semaphorin 4G
655,63,hsa-miR-28-5p,7052,TGM2,NM_004613,transglutaminase 2
656,62,hsa-miR-140-5p,80727,TTYH3,NM_025250,tweety family member 3
657,62,hsa-miR-140-5p,114815,SORCS1,NM_001206569,sortilin related VPS10 domain containing receptor 1
658,62,hsa-miR-140-5p,51088,KLHL5,NM_001171654,kelch like family member 5
659,62,hsa-miR-140-5p,55329,MNS1,NM_018365,meiosis specific nuclear structural 1
660,62,hsa-miR-140-5p,287,ANK2,NM_001127493,ankyrin 2
661,62,hsa-miR-140-5p,10787,NCKAP1,NM_205842,NCK associated protein 1
662,62,hsa-miR-140-5p,9253,NUMBL,NM_001289979,"NUMB like, endocytic adaptor protein"
663,62,hsa-miR-140-5p,3915,LAMC1,NM_002293,laminin subunit gamma 1
664,62,hsa-miR-140-5p,79657,RPAP3,NM_001146075,RNA polymerase II associated protein 3
665,62,hsa-miR-140-5p,5083,PAX9,NM_006194,paired box 9
666,62,hsa-miR-140-5p,55719,SLF2,NM_018121,SMC5-SMC6 complex localization factor 2
667,62,hsa-miR-532-5p,158038,LINGO2,NM_001258282,leucine rich repeat and Ig domain containing 2
668,62,hsa-miR-532-5p,284323,ZNF780A,NM_001142579,zinc finger protein 780A
669,62,hsa-miR-532-5p,8867,SYNJ1,NM_003895,synaptojanin 1
670,62,hsa-miR-532-5p,494143,CHAC2,NM_001008708,ChaC cation transport regulator homolog 2
671,62,hsa-miR-532-5p,143098,MPP7,NM_173496,membrane palmitoylated protein 7
672,62,hsa-miR-532-5p,644538,SMIM10,NM_001163438,small integral membrane protein 10
673,62,hsa-miR-532-5p,5931,RBBP7,NM_001198719,"RB binding protein 7, chromatin remodeling factor"
674,62,hsa-miR-532-5p,10752,CHL1,NM_001253388,cell adhesion molecule L1 like
675,62,hsa-miR-532-5p,1464,CSPG4,NM_001897,chondroitin sulfate proteoglycan 4
676,62,hsa-miR-532-5p,100528032,KLRC4-KLRK1,NM_001199805,KLRC4-KLRK1 readthrough
677,62,hsa-miR-532-5p,84631,SLITRK2,NM_001144003,SLIT and NTRK like family member 2
678,62,hsa-miR-532-5p,254048,UBN2,NM_173569,ubinuclein 2
679,62,hsa-miR-532-5p,22914,KLRK1,NM_007360,killer cell lectin like receptor K1
680,62,hsa-miR-28-5p,80381,CD276,NM_001024736,CD276 molecule
681,62,hsa-miR-28-5p,55591,VEZT,NM_017599,"vezatin, adherens junctions transmembrane protein"
682,62,hsa-miR-28-5p,81029,WNT5B,NM_030775,Wnt family member 5B
683,62,hsa-miR-28-5p,5733,PTGER3,NM_198715,prostaglandin E receptor 3
684,62,hsa-miR-28-5p,25758,KIAA1549L,NM_012194,KIAA1549 like
685,62,hsa-miR-28-5p,399474,TMEM200B,NM_001003682,transmembrane protein 200B
686,62,hsa-miR-28-5p,9491,PSMF1,NM_006814,proteasome inhibitor subunit 1
687,62,hsa-miR-28-5p,6651,SON,NM_001291411,SON DNA binding protein
688,62,hsa-miR-28-5p,5033,P4HA1,NM_000917,prolyl 4-hydroxylase subunit alpha 1
689,62,hsa-miR-28-5p,55280,CWF19L1,NM_001303405,CWF19 like cell cycle control factor 1
690,61,hsa-miR-140-5p,8618,CADPS,NM_003716,calcium dependent secretion activator
691,61,hsa-miR-140-5p,26052,DNM3,NM_001136127,dynamin 3
692,61,hsa-miR-140-5p,5978,REST,NM_001193508,RE1 silencing transcription factor
693,61,hsa-miR-140-5p,9859,CEP170,NM_001042405,centrosomal protein 170
694,61,hsa-miR-140-5p,7405,UVRAG,NM_003369,UV radiation resistance associated
695,61,hsa-miR-140-5p,4646,MYO6,NM_004999,myosin VI
696,61,hsa-miR-140-5p,8404,SPARCL1,NM_001291976,SPARC like 1
697,61,hsa-miR-140-5p,153562,MARVELD2,NM_001244734,MARVEL domain containing 2
698,61,hsa-miR-140-5p,157,GRK3,NM_005160,G protein-coupled receptor kinase 3
699,61,hsa-miR-140-5p,2997,GYS1,NM_001161587,glycogen synthase 1
700,61,hsa-miR-140-5p,6782,HSPA13,NM_006948,heat shock protein family A (Hsp70) member 13
701,61,hsa-miR-532-5p,283537,SLC46A3,NM_181785,solute carrier family 46 member 3
702,61,hsa-miR-532-5p,145553,MDP1,NM_001199821,magnesium dependent phosphatase 1
703,61,hsa-miR-532-5p,9575,CLOCK,NM_001267843,clock circadian regulator
704,61,hsa-miR-532-5p,445577,C9orf129,NM_001098808,chromosome 9 open reading frame 129
705,61,hsa-miR-532-5p,23071,ERP44,NM_015051,endoplasmic reticulum protein 44
706,61,hsa-miR-532-5p,80025,PANK2,NM_001324191,pantothenate kinase 2
707,61,hsa-miR-532-5p,154664,ABCA13,NM_152701,ATP binding cassette subfamily A member 13
708,61,hsa-miR-532-5p,11278,KLF12,NM_007249,Kruppel like factor 12
709,61,hsa-miR-532-5p,79882,ZC3H14,NM_001160104,zinc finger CCCH-type containing 14
710,61,hsa-miR-532-5p,832,CAPZB,NM_001206540,capping actin protein of muscle Z-line subunit beta
711,61,hsa-miR-532-5p,9412,MED21,NM_004264,mediator complex subunit 21
712,61,hsa-miR-532-5p,79648,MCPH1,NM_024596,microcephalin 1
713,61,hsa-miR-28-5p,23235,SIK2,NM_015191,salt inducible kinase 2
714,61,hsa-miR-28-5p,79834,PEAK1,NM_024776,pseudopodium enriched atypical kinase 1
715,61,hsa-miR-28-5p,2542,SLC37A4,NM_001164278,solute carrier family 37 member 4
716,61,hsa-miR-28-5p,10910,SUGT1,NM_001130912,"SGT1 homolog, MIS12 kinetochore complex assembly cochaperone"
717,61,hsa-miR-28-5p,11245,GPR176,NM_007223,G protein-coupled receptor 176
718,61,hsa-miR-28-5p,5452,POU2F2,NM_001247994,POU class 2 homeobox 2
719,61,hsa-miR-28-5p,22834,ZNF652,NM_001145365,zinc finger protein 652
720,61,hsa-miR-28-5p,92126,DSEL,NM_032160,dermatan sulfate epimerase like
721,61,hsa-miR-28-5p,51251,NT5C3A,NM_001002009,"5'-nucleotidase, cytosolic IIIA"
722,61,hsa-miR-28-5p,7029,TFDP2,NM_001178138,transcription factor Dp-2
723,60,hsa-miR-140-5p,146802,SLC47A2,NM_001256663,solute carrier family 47 member 2
724,60,hsa-miR-140-5p,1783,DYNC1LI2,NM_001323955,dynein cytoplasmic 1 light intermediate chain 2
725,60,hsa-miR-140-5p,57153,SLC44A2,NM_020428,solute carrier family 44 member 2
726,60,hsa-miR-140-5p,813,CALU,NM_001199673,calumenin
727,60,hsa-miR-140-5p,10664,CTCF,NM_001191022,CCCTC-binding factor
728,60,hsa-miR-140-5p,112,ADCY6,NM_015270,adenylate cyclase 6
729,60,hsa-miR-140-5p,140689,CBLN4,NM_080617,cerebellin 4 precursor
730,60,hsa-miR-140-5p,7471,WNT1,NM_005430,Wnt family member 1
731,60,hsa-miR-140-5p,9991,PTBP3,NM_001163788,polypyrimidine tract binding protein 3
732,60,hsa-miR-532-5p,825,CAPN3,NM_173090,calpain 3
733,60,hsa-miR-532-5p,1435,CSF1,NM_000757,colony stimulating factor 1
734,60,hsa-miR-532-5p,163051,ZNF709,NM_152601,zinc finger protein 709
735,60,hsa-miR-532-5p,100652824,KIAA2012,NM_001277372,KIAA2012
736,60,hsa-miR-532-5p,1362,CPD,NM_001199775,carboxypeptidase D
737,60,hsa-miR-532-5p,5906,RAP1A,NM_001010935,"RAP1A, member of RAS oncogene family"
738,60,hsa-miR-532-5p,63982,ANO3,NM_001313727,anoctamin 3
739,60,hsa-miR-532-5p,55339,WDR33,NM_018383,WD repeat domain 33
740,60,hsa-miR-532-5p,8604,SLC25A12,NM_003705,solute carrier family 25 member 12
741,60,hsa-miR-532-5p,50507,NOX4,NM_001143836,NADPH oxidase 4
742,60,hsa-miR-532-5p,586,BCAT1,NM_001178094,branched chain amino acid transaminase 1
743,60,hsa-miR-532-5p,9659,PDE4DIP,NM_001002810,phosphodiesterase 4D interacting protein
744,60,hsa-miR-28-5p,114798,SLITRK1,NM_052910,SLIT and NTRK like family member 1
745,60,hsa-miR-28-5p,9830,TRIM14,NM_014788,tripartite motif containing 14
746,60,hsa-miR-28-5p,117581,TWIST2,NM_057179,twist family bHLH transcription factor 2
747,60,hsa-miR-28-5p,1063,CENPF,NM_016343,centromere protein F
748,60,hsa-miR-28-5p,5597,MAPK6,NM_002748,mitogen-activated protein kinase 6
749,60,hsa-miR-28-5p,9869,SETDB1,NM_012432,SET domain bifurcated histone lysine methyltransferase 1
750,60,hsa-miR-28-5p,1859,DYRK1A,NM_101395,dual specificity tyrosine phosphorylation regulated kinase 1A
751,60,hsa-miR-28-5p,59339,PLEKHA2,NM_021623,pleckstrin homology domain containing A2
752,59,hsa-miR-140-5p,4671,NAIP,NM_022892,NLR family apoptosis inhibitory protein
753,59,hsa-miR-140-5p,79740,ZBBX,NM_024687,zinc finger B-box domain containing
754,59,hsa-miR-140-5p,8315,BRAP,NM_006768,BRCA1 associated protein
755,59,hsa-miR-140-5p,25820,ARIH1,NM_005744,ariadne RBR E3 ubiquitin protein ligase 1
756,59,hsa-miR-140-5p,8204,NRIP1,NM_003489,nuclear receptor interacting protein 1
757,59,hsa-miR-140-5p,23576,DDAH1,NM_001134445,dimethylarginine dimethylaminohydrolase 1
758,59,hsa-miR-532-5p,254887,ZDHHC23,NM_001320466,zinc finger DHHC-type containing 23
759,59,hsa-miR-532-5p,7504,XK,NM_021083,X-linked Kx blood group
760,59,hsa-miR-532-5p,257194,NEGR1,NM_173808,neuronal growth regulator 1
761,59,hsa-miR-532-5p,6117,RPA1,NM_002945,replication protein A1
762,59,hsa-miR-532-5p,983,CDK1,NM_001170406,cyclin dependent kinase 1
763,59,hsa-miR-532-5p,6591,SNAI2,NM_003068,snail family transcriptional repressor 2
764,59,hsa-miR-532-5p,23325,WASHC4,NM_015275,WASH complex subunit 4
765,59,hsa-miR-532-5p,10,NAT2,NM_000015,N-acetyltransferase 2
766,59,hsa-miR-532-5p,134829,CLVS2,NM_001010852,clavesin 2
767,59,hsa-miR-28-5p,55668,GPATCH2L,NM_001322031,G-patch domain containing 2 like
768,59,hsa-miR-28-5p,124540,MSI2,NM_138962,musashi RNA binding protein 2
769,59,hsa-miR-28-5p,1087,CEACAM7,NM_001291485,carcinoembryonic antigen related cell adhesion molecule 7
770,59,hsa-miR-28-5p,8897,MTMR3,NM_021090,myotubularin related protein 3
771,59,hsa-miR-28-5p,285600,KIAA0825,NM_173665,KIAA0825
772,59,hsa-miR-28-5p,2488,FSHB,NM_000510,follicle stimulating hormone subunit beta
773,58,hsa-miR-140-5p,8287,USP9Y,NM_004654,ubiquitin specific peptidase 9 Y-linked
774,58,hsa-miR-140-5p,22863,ATG14,NM_014924,autophagy related 14
775,58,hsa-miR-140-5p,950,SCARB2,NM_005506,scavenger receptor class B member 2
776,58,hsa-miR-140-5p,5156,PDGFRA,NM_006206,platelet derived growth factor receptor alpha
777,58,hsa-miR-140-5p,252995,FNDC5,NM_001171940,fibronectin type III domain containing 5
778,58,hsa-miR-140-5p,10000,AKT3,NM_005465,AKT serine/threonine kinase 3
779,58,hsa-miR-140-5p,1478,CSTF2,NM_001306206,cleavage stimulation factor subunit 2
780,58,hsa-miR-140-5p,9197,SLC33A1,NM_001190992,solute carrier family 33 member 1
781,58,hsa-miR-140-5p,22807,IKZF2,NM_016260,IKAROS family zinc finger 2
782,58,hsa-miR-140-5p,5241,PGR,NM_001202474,progesterone receptor
783,58,hsa-miR-140-5p,146223,CMTM4,NM_181521,CKLF like MARVEL transmembrane domain containing 4
784,58,hsa-miR-532-5p,9063,PIAS2,NM_001324055,protein inhibitor of activated STAT 2
785,58,hsa-miR-532-5p,11335,CBX3,NM_007276,chromobox 3
786,58,hsa-miR-532-5p,85458,DIXDC1,NM_033425,DIX domain containing 1
787,58,hsa-miR-532-5p,4208,MEF2C,NM_001193350,myocyte enhancer factor 2C
788,58,hsa-miR-532-5p,3673,ITGA2,NM_002203,integrin subunit alpha 2
789,58,hsa-miR-532-5p,10742,RAI2,NM_021785,retinoic acid induced 2
790,58,hsa-miR-532-5p,9262,STK17B,NM_004226,serine/threonine kinase 17b
791,58,hsa-miR-532-5p,10090,UST,NM_005715,uronyl 2-sulfotransferase
792,58,hsa-miR-532-5p,4131,MAP1B,NM_001324255,microtubule associated protein 1B
793,58,hsa-miR-532-5p,51,ACOX1,NM_004035,acyl-CoA oxidase 1
794,58,hsa-miR-532-5p,55727,BTBD7,NM_001289133,BTB domain containing 7
795,58,hsa-miR-532-5p,91584,PLXNA4,NM_020911,plexin A4
796,58,hsa-miR-532-5p,57185,NIPAL3,NM_001322864,NIPA like domain containing 3
797,58,hsa-miR-532-5p,255743,NPNT,NM_001033047,nephronectin
798,58,hsa-miR-532-5p,1559,CYP2C9,NM_000771,cytochrome P450 family 2 subfamily C member 9
799,58,hsa-miR-532-5p,10892,MALT1,NM_173844,MALT1 paracaspase
800,58,hsa-miR-532-5p,1629,DBT,NM_001918,dihydrolipoamide branched chain transacylase E2
801,58,hsa-miR-28-5p,5362,PLXNA2,NM_025179,plexin A2
802,58,hsa-miR-28-5p,100505478,TEX48,NM_001199233,testis expressed 48
803,58,hsa-miR-28-5p,542767,PCOTH,NM_001014442,Pro-X-Gly collagen triple helix like repeat containing
804,58,hsa-miR-28-5p,28513,CDH19,NM_001271028,cadherin 19
805,58,hsa-miR-28-5p,79786,KLHL36,NM_001303451,kelch like family member 36
806,58,hsa-miR-28-5p,51317,PHF21A,NM_001101802,PHD finger protein 21A
807,58,hsa-miR-28-5p,3631,INPP4A,NM_001134225,inositol polyphosphate-4-phosphatase type I A
808,58,hsa-miR-28-5p,22902,RUFY3,NM_014961,RUN and FYVE domain containing 3
809,58,hsa-miR-28-5p,163404,PLPPR5,NM_001010861,phospholipid phosphatase related 5
810,58,hsa-miR-28-5p,6674,SPAG1,NM_003114,sperm associated antigen 1
811,58,hsa-miR-28-5p,55319,TMA16,NM_018352,translation machinery associated 16 homolog
812,57,hsa-miR-140-5p,124454,EARS2,NM_001083614,"glutamyl-tRNA synthetase 2, mitochondrial"
813,57,hsa-miR-140-5p,146754,DNAH2,NM_001303270,dynein axonemal heavy chain 2
814,57,hsa-miR-140-5p,84722,PSRC1,NM_032636,proline and serine rich coiled-coil 1
815,57,hsa-miR-140-5p,29934,SNX12,NM_013346,sorting nexin 12
816,57,hsa-miR-140-5p,5308,PITX2,NM_000325,paired like homeodomain 2
817,57,hsa-miR-140-5p,57226,LYRM2,NM_020466,LYR motif containing 2
818,57,hsa-miR-532-5p,55784,MCTP2,NM_018349,multiple C2 and transmembrane domain containing 2
819,57,hsa-miR-532-5p,255488,RNF144B,NM_182757,ring finger protein 144B
820,57,hsa-miR-532-5p,84191,CIAO2A,NM_001289108,cytosolic iron-sulfur assembly component 2A
821,57,hsa-miR-532-5p,145282,MIPOL1,NM_001195296,mirror-image polydactyly 1
822,57,hsa-miR-532-5p,100507650,RNF212B,NM_001282322,ring finger protein 212B
823,57,hsa-miR-532-5p,137970,UNC5D,NM_080872,unc-5 netrin receptor D
824,57,hsa-miR-532-5p,7782,SLC30A4,NM_013309,solute carrier family 30 member 4
825,57,hsa-miR-532-5p,2005,ELK4,NM_001973,"ELK4, ETS transcription factor"
826,57,hsa-miR-532-5p,5781,PTPN11,NM_080601,"protein tyrosine phosphatase, non-receptor type 11"
827,57,hsa-miR-532-5p,10486,CAP2,NM_006366,cyclase associated actin cytoskeleton regulatory protein 2
828,57,hsa-miR-28-5p,9683,N4BP1,NM_153029,NEDD4 binding protein 1
829,57,hsa-miR-28-5p,2893,GRIA4,NM_001077243,glutamate ionotropic receptor AMPA type subunit 4
830,57,hsa-miR-28-5p,143458,LDLRAD3,NM_001304264,low density lipoprotein receptor class A domain containing 3
831,57,hsa-miR-28-5p,55665,URGCP,NM_001290076,upregulator of cell proliferation
832,57,hsa-miR-28-5p,26523,AGO1,NM_001317123,argonaute RISC catalytic component 1
833,57,hsa-miR-28-5p,115123,Mar-03,NM_178450,membrane associated ring-CH-type finger 3
834,57,hsa-miR-28-5p,4131,MAP1B,NM_001324255,microtubule associated protein 1B
835,57,hsa-miR-28-5p,60488,MRPS35,NM_001190864,mitochondrial ribosomal protein S35
836,57,hsa-miR-28-5p,22979,EFR3B,NM_014971,EFR3 homolog B
837,57,hsa-miR-28-5p,55536,CDCA7L,NM_001127370,cell division cycle associated 7 like
838,56,hsa-miR-140-5p,3920,LAMP2,NM_013995,lysosomal associated membrane protein 2
839,56,hsa-miR-140-5p,7082,TJP1,NM_175610,tight junction protein 1
840,56,hsa-miR-140-5p,23251,MINAR1,NM_015206,membrane integral NOTCH2 associated receptor 1
841,56,hsa-miR-140-5p,65059,RAPH1,NM_213589,Ras association (RalGDS/AF-6) and pleckstrin homology domains 1
842,56,hsa-miR-140-5p,444,ASPH,NM_001164750,aspartate beta-hydroxylase
843,56,hsa-miR-140-5p,3115,HLA-DPB1,NM_002121,"major histocompatibility complex, class II, DP beta 1"
844,56,hsa-miR-140-5p,4245,MGAT1,NM_001114617,"mannosyl (alpha-1,3-)-glycoprotein beta-1,2-N-acetylglucosaminyltransferase"
845,56,hsa-miR-140-5p,338809,C12orf74,NM_001037671,chromosome 12 open reading frame 74
846,56,hsa-miR-140-5p,4173,MCM4,NM_182746,minichromosome maintenance complex component 4
847,56,hsa-miR-140-5p,80760,ITIH5,NM_030569,inter-alpha-trypsin inhibitor heavy chain family member 5
848,56,hsa-miR-140-5p,136319,MTPN,NM_145808,myotrophin
849,56,hsa-miR-140-5p,7035,TFPI,NM_006287,tissue factor pathway inhibitor
850,56,hsa-miR-140-5p,219990,OOSP2,NM_173801,oocyte secreted protein 2
851,56,hsa-miR-140-5p,10060,ABCC9,NM_020297,ATP binding cassette subfamily C member 9
852,56,hsa-miR-140-5p,57221,ARFGEF3,NM_020340,ARFGEF family member 3
853,56,hsa-miR-140-5p,5586,PKN2,NM_001320709,protein kinase N2
854,56,hsa-miR-140-5p,51592,TRIM33,NM_015906,tripartite motif containing 33
855,56,hsa-miR-532-5p,55718,POLR3E,NM_018119,RNA polymerase III subunit E
856,56,hsa-miR-532-5p,51182,HSPA14,NM_001278205,heat shock protein family A (Hsp70) member 14
857,56,hsa-miR-532-5p,80829,ZFP91,NM_001197051,ZFP91 zinc finger protein
858,56,hsa-miR-532-5p,84844,PHF5A,NM_032758,PHD finger protein 5A
859,56,hsa-miR-532-5p,64895,PAPOLG,NM_022894,poly(A) polymerase gamma
860,56,hsa-miR-532-5p,10269,ZMPSTE24,NM_005857,zinc metallopeptidase STE24
861,56,hsa-miR-532-5p,5728,PTEN,NM_001304718,phosphatase and tensin homolog
862,56,hsa-miR-532-5p,23243,ANKRD28,NM_015199,ankyrin repeat domain 28
863,56,hsa-miR-532-5p,166929,SGMS2,NM_152621,sphingomyelin synthase 2
864,56,hsa-miR-532-5p,26135,SERBP1,NM_001018069,SERPINE1 mRNA binding protein 1
865,56,hsa-miR-532-5p,54821,ERCC6L,NM_017669,"ERCC excision repair 6 like, spindle assembly checkpoint helicase"
866,56,hsa-miR-532-5p,1996,ELAVL4,NM_001144774,ELAV like RNA binding protein 4
867,56,hsa-miR-532-5p,2247,FGF2,NM_002006,fibroblast growth factor 2
868,56,hsa-miR-532-5p,5099,PCDH7,NM_032457,protocadherin 7
869,56,hsa-miR-532-5p,6843,VAMP1,NM_199245,vesicle associated membrane protein 1
870,56,hsa-miR-28-5p,4520,MTF1,NM_005955,metal regulatory transcription factor 1
871,56,hsa-miR-28-5p,751071,CSKMT,NM_001043229,citrate synthase lysine methyltransferase
872,56,hsa-miR-28-5p,340441,POTEA,NM_001002920,POTE ankyrin domain family member A
873,56,hsa-miR-28-5p,9340,GLP2R,NM_004246,glucagon like peptide 2 receptor
874,56,hsa-miR-28-5p,64097,EPB41L4A,NM_022140,erythrocyte membrane protein band 4.1 like 4A
875,56,hsa-miR-28-5p,7533,YWHAH,NM_003405,tyrosine 3-monooxygenase/tryptophan 5-monooxygenase activation protein eta
876,56,hsa-miR-28-5p,7277,TUBA4A,NM_001278552,tubulin alpha 4a
877,56,hsa-miR-28-5p,10280,SIGMAR1,NM_001282209,sigma non-opioid intracellular receptor 1
878,56,hsa-miR-28-5p,283638,CEP170B,NM_001112726,centrosomal protein 170B
879,56,hsa-miR-28-5p,284111,SLC13A5,NM_001143838,solute carrier family 13 member 5
880,56,hsa-miR-28-5p,80028,FBXL18,NM_024963,F-box and leucine rich repeat protein 18
881,56,hsa-miR-28-5p,4223,MEOX2,NM_005924,mesenchyme homeobox 2
882,55,hsa-miR-140-5p,9452,ITM2A,NM_001171581,integral membrane protein 2A
883,55,hsa-miR-140-5p,26030,PLEKHG3,NM_001308147,pleckstrin homology and RhoGEF domain containing G3
884,55,hsa-miR-140-5p,80821,DDHD1,NM_001160148,DDHD domain containing 1
885,55,hsa-miR-140-5p,9770,RASSF2,NM_014737,Ras association domain family member 2
886,55,hsa-miR-140-5p,64853,AIDA,NM_022831,"axin interactor, dorsalization associated"
887,55,hsa-miR-140-5p,8028,MLLT10,NM_001195626,"MLLT10, histone lysine methyltransferase DOT1L cofactor"
888,55,hsa-miR-140-5p,58480,RHOU,NM_021205,ras homolog family member U
889,55,hsa-miR-140-5p,80025,PANK2,NM_001324192,pantothenate kinase 2
890,55,hsa-miR-140-5p,11189,CELF3,NM_001291107,CUGBP Elav-like family member 3
891,55,hsa-miR-140-5p,54474,KRT20,NM_019010,keratin 20
892,55,hsa-miR-140-5p,253143,PRR14L,NM_173566,proline rich 14 like
893,55,hsa-miR-140-5p,63931,MRPS14,NM_022100,mitochondrial ribosomal protein S14
894,55,hsa-miR-140-5p,6695,SPOCK1,NM_004598,"SPARC (osteonectin), cwcv and kazal like domains proteoglycan 1"
895,55,hsa-miR-140-5p,7003,TEAD1,NM_021961,TEA domain transcription factor 1
896,55,hsa-miR-532-5p,7514,XPO1,NM_003400,exportin 1
897,55,hsa-miR-532-5p,8654,PDE5A,NM_033437,phosphodiesterase 5A
898,55,hsa-miR-532-5p,341359,SYT10,NM_198992,synaptotagmin 10
899,55,hsa-miR-28-5p,2745,GLRX,NM_001243659,glutaredoxin
900,55,hsa-miR-28-5p,100128327,TRAPPC3L,NM_001139444,trafficking protein particle complex 3 like
901,55,hsa-miR-28-5p,51360,MBTPS2,NM_015884,"membrane bound transcription factor peptidase, site 2"
902,55,hsa-miR-28-5p,283514,SIAH3,NM_198849,siah E3 ubiquitin protein ligase family member 3
903,55,hsa-miR-28-5p,58516,SINHCAF,NM_001135811,SIN3-HDAC complex associated factor
904,55,hsa-miR-28-5p,23461,ABCA5,NM_018672,ATP binding cassette subfamily A member 5
905,55,hsa-miR-28-5p,81929,SEH1L,NM_031216,SEH1 like nucleoporin
906,55,hsa-miR-28-5p,113419,TEX261,NM_144582,testis expressed 261
907,55,hsa-miR-28-5p,9891,NUAK1,NM_014840,NUAK family kinase 1
908,55,hsa-miR-28-5p,79850,FAM57A,NM_001318007,family with sequence similarity 57 member A
909,54,hsa-miR-140-5p,94015,TTYH2,NM_032646,tweety family member 2
910,54,hsa-miR-140-5p,2957,GTF2A1,NM_015859,general transcription factor IIA subunit 1
911,54,hsa-miR-140-5p,140460,ASB7,NM_024708,ankyrin repeat and SOCS box containing 7
912,54,hsa-miR-140-5p,9572,NR1D1,NM_021724,nuclear receptor subfamily 1 group D member 1
913,54,hsa-miR-140-5p,83992,CTTNBP2,NM_033427,cortactin binding protein 2
914,54,hsa-miR-140-5p,80853,KDM7A,NM_030647,lysine demethylase 7A
915,54,hsa-miR-140-5p,2719,GPC3,NM_001164617,glypican 3
916,54,hsa-miR-140-5p,23014,FBXO21,NM_015002,F-box protein 21
917,54,hsa-miR-140-5p,4139,MARK1,NM_001286124,microtubule affinity regulating kinase 1
918,54,hsa-miR-140-5p,3480,IGF1R,NM_000875,insulin like growth factor 1 receptor
919,54,hsa-miR-140-5p,126298,IRGQ,NM_001007561,immunity related GTPase Q
920,54,hsa-miR-140-5p,64418,TMEM168,NM_001287497,transmembrane protein 168
921,54,hsa-miR-140-5p,23333,DPY19L1,NM_015283,dpy-19 like C-mannosyltransferase 1
922,54,hsa-miR-140-5p,51119,SBDS,NM_016038,"SBDS, ribosome maturation factor"
923,54,hsa-miR-140-5p,57154,SMURF1,NM_001199847,SMAD specific E3 ubiquitin protein ligase 1
924,54,hsa-miR-532-5p,4087,SMAD2,NM_005901,SMAD family member 2
925,54,hsa-miR-532-5p,9697,TRAM2,NM_012288,translocation associated membrane protein 2
926,54,hsa-miR-532-5p,5948,RBP2,NM_004164,retinol binding protein 2
927,54,hsa-miR-532-5p,22807,IKZF2,NM_016260,IKAROS family zinc finger 2
928,54,hsa-miR-532-5p,571,BACH1,NM_001186,BTB domain and CNC homolog 1
929,54,hsa-miR-532-5p,51136,RNFT1,NM_016125,"ring finger protein, transmembrane 1"
930,54,hsa-miR-532-5p,55285,RBM41,NM_001324243,RNA binding motif protein 41
931,54,hsa-miR-532-5p,342184,FMN1,NM_001277314,formin 1
932,54,hsa-miR-532-5p,3480,IGF1R,NM_000875,insulin like growth factor 1 receptor
933,54,hsa-miR-532-5p,25914,RTTN,NM_001318520,rotatin
934,54,hsa-miR-532-5p,2158,F9,NM_001313913,coagulation factor IX
935,54,hsa-miR-532-5p,10219,KLRG1,NM_005810,killer cell lectin like receptor G1
936,54,hsa-miR-532-5p,10286,BCAS2,NM_005872,"BCAS2, pre-mRNA processing factor"
937,54,hsa-miR-532-5p,50807,ASAP1,NM_001247996,"ArfGAP with SH3 domain, ankyrin repeat and PH domain 1"
938,54,hsa-miR-28-5p,79269,DCAF10,NM_024345,DDB1 and CUL4 associated factor 10
939,54,hsa-miR-28-5p,27125,AFF4,NM_014423,AF4/FMR2 family member 4
940,54,hsa-miR-28-5p,51124,IER3IP1,NM_016097,immediate early response 3 interacting protein 1
941,54,hsa-miR-28-5p,64327,LMBR1,NM_022458,limb development membrane protein 1
942,54,hsa-miR-28-5p,6382,SDC1,NM_001006946,syndecan 1
943,54,hsa-miR-28-5p,83660,TLN2,NM_015059,talin 2
944,54,hsa-miR-28-5p,108,ADCY2,NM_020546,adenylate cyclase 2
945,54,hsa-miR-28-5p,7172,TPMT,NM_000367,thiopurine S-methyltransferase
946,54,hsa-miR-28-5p,10149,ADGRG2,NM_001184837,adhesion G protein-coupled receptor G2
947,53,hsa-miR-140-5p,54677,CROT,NM_001143935,carnitine O-octanoyltransferase
948,53,hsa-miR-140-5p,84259,DCUN1D5,NM_001318741,defective in cullin neddylation 1 domain containing 5
949,53,hsa-miR-140-5p,2533,FYB1,NM_199335,FYN binding protein 1
950,53,hsa-miR-140-5p,5663,PSEN1,NM_000021,presenilin 1
951,53,hsa-miR-140-5p,133418,EMB,NM_198449,embigin
952,53,hsa-miR-140-5p,283871,PGP,NM_001042371,phosphoglycolate phosphatase
953,53,hsa-miR-140-5p,55603,TENT5A,NM_017633,terminal nucleotidyltransferase 5A
954,53,hsa-miR-140-5p,5441,POLR2L,NM_021128,RNA polymerase II subunit L
955,53,hsa-miR-140-5p,154141,MBOAT1,NM_001080480,membrane bound O-acyltransferase domain containing 1
956,53,hsa-miR-140-5p,92017,SNX29,NM_032167,sorting nexin 29
957,53,hsa-miR-140-5p,60681,FKBP10,NM_021939,FKBP prolyl isomerase 10
958,53,hsa-miR-140-5p,374383,NCR3LG1,NM_001202439,natural killer cell cytotoxicity receptor 3 ligand 1
959,53,hsa-miR-140-5p,7037,TFRC,NM_001313966,transferrin receptor
960,53,hsa-miR-532-5p,29899,GPSM2,NM_001321038,G protein signaling modulator 2
961,53,hsa-miR-532-5p,9906,SLC35E2A,NM_182838,solute carrier family 35 member E2A
962,53,hsa-miR-532-5p,1021,CDK6,NM_001259,cyclin dependent kinase 6
963,53,hsa-miR-532-5p,54806,AHI1,NM_017651,Abelson helper integration site 1
964,53,hsa-miR-532-5p,728661,SLC35E2B,NM_001290264,solute carrier family 35 member E2B
965,53,hsa-miR-532-5p,3831,KLC1,NM_005552,kinesin light chain 1
966,53,hsa-miR-532-5p,135228,CD109,NM_133493,CD109 molecule
967,53,hsa-miR-532-5p,2635,GBP3,NM_001319179,guanylate binding protein 3
968,53,hsa-miR-532-5p,9338,TCEAL1,NM_001006639,transcription elongation factor A like 1
969,53,hsa-miR-28-5p,3849,KRT2,NM_000423,keratin 2
970,53,hsa-miR-28-5p,142891,SAMD8,NM_001174156,sterile alpha motif domain containing 8
971,53,hsa-miR-28-5p,54866,PPP1R14D,NM_001130143,protein phosphatase 1 regulatory inhibitor subunit 14D
972,53,hsa-miR-28-5p,23410,SIRT3,NM_001017524,sirtuin 3
973,53,hsa-miR-28-5p,51552,RAB14,NM_016322,"RAB14, member RAS oncogene family"
974,53,hsa-miR-28-5p,8428,STK24,NM_001032296,serine/threonine kinase 24
975,53,hsa-miR-28-5p,54756,IL17RD,NM_001318864,interleukin 17 receptor D
976,53,hsa-miR-28-5p,29070,CCDC113,NM_001142302,coiled-coil domain containing 113
977,53,hsa-miR-28-5p,84752,B3GNT9,NM_033309,"UDP-GlcNAc:betaGal beta-1,3-N-acetylglucosaminyltransferase 9"
978,53,hsa-miR-28-5p,79172,CENPO,NM_024322,centromere protein O
979,53,hsa-miR-28-5p,149041,RC3H1,NM_001300852,ring finger and CCCH-type domains 1
980,53,hsa-miR-28-5p,6538,SLC6A11,NM_001317406,solute carrier family 6 member 11
981,53,hsa-miR-28-5p,57463,AMIGO1,NM_020703,adhesion molecule with Ig like domain 1
982,53,hsa-miR-28-5p,55745,AP5M1,NM_018229,adaptor related protein complex 5 subunit mu 1
983,52,hsa-miR-140-5p,7311,UBA52,NM_001033930,ubiquitin A-52 residue ribosomal protein fusion product 1
984,52,hsa-miR-140-5p,51573,GDE1,NM_016641,glycerophosphodiester phosphodiesterase 1
985,52,hsa-miR-140-5p,5128,CDK17,NM_001170464,cyclin dependent kinase 17
986,52,hsa-miR-140-5p,387263,C6orf120,NM_001029863,chromosome 6 open reading frame 120
987,52,hsa-miR-140-5p,1992,SERPINB1,NM_030666,serpin family B member 1
988,52,hsa-miR-140-5p,4258,MGST2,NM_001204366,microsomal glutathione S-transferase 2
989,52,hsa-miR-140-5p,7699,ZNF140,NM_003440,zinc finger protein 140
990,52,hsa-miR-140-5p,55037,PTCD3,NM_017952,pentatricopeptide repeat domain 3
991,52,hsa-miR-140-5p,8648,NCOA1,NM_147223,nuclear receptor coactivator 1
992,52,hsa-miR-532-5p,57573,ZNF471,NM_001321768,zinc finger protein 471
993,52,hsa-miR-532-5p,1355,COX15,NM_078470,cytochrome c oxidase assembly homolog COX15
994,52,hsa-miR-532-5p,83857,TMTC1,NM_001193451,transmembrane and tetratricopeptide repeat containing 1
995,52,hsa-miR-532-5p,56923,NMUR2,NM_020167,neuromedin U receptor 2
996,52,hsa-miR-532-5p,130399,ACVR1C,NM_001111031,activin A receptor type 1C
997,52,hsa-miR-532-5p,23177,CEP68,NM_015147,centrosomal protein 68
998,52,hsa-miR-532-5p,204219,CERS3,NM_001290342,ceramide synthase 3
999,52,hsa-miR-532-5p,57211,ADGRG6,NM_001032395,adhesion G protein-coupled receptor G6
1000,52,hsa-miR-532-5p,463,ZFHX3,NM_006885,zinc finger homeobox 3
1001,52,hsa-miR-532-5p,5924,RASGRF2,NM_006909,Ras protein specific guanine nucleotide releasing factor 2
1002,52,hsa-miR-532-5p,831,CAST,NM_001284213,calpastatin
1003,52,hsa-miR-532-5p,2327,FMO2,NM_001301347,flavin containing monooxygenase 2
1004,52,hsa-miR-532-5p,162073,ITPRIPL2,NM_001034841,ITPRIP like 2
1005,52,hsa-miR-532-5p,2996,GYPE,NM_198682,glycophorin E (MNS blood group)
1006,52,hsa-miR-532-5p,83699,SH3BGRL2,NM_031469,SH3 domain binding glutamate rich protein like 2
1007,52,hsa-miR-532-5p,4897,NRCAM,NM_001037132,neuronal cell adhesion molecule
1008,52,hsa-miR-532-5p,23248,RPRD2,NM_015203,regulation of nuclear pre-mRNA domain containing 2
1009,52,hsa-miR-532-5p,26007,TKFC,NM_015533,triokinase and FMN cyclase
1010,52,hsa-miR-28-5p,1155,TBCB,NM_001300971,tubulin folding cofactor B
1011,52,hsa-miR-28-5p,79798,ARMC5,NM_024742,armadillo repeat containing 5
1012,52,hsa-miR-28-5p,140458,ASB5,NM_080874,ankyrin repeat and SOCS box containing 5
1013,52,hsa-miR-28-5p,3786,KCNQ3,NM_001204824,potassium voltage-gated channel subfamily Q member 3
1014,52,hsa-miR-28-5p,6548,SLC9A1,NM_003047,solute carrier family 9 member A1
1015,52,hsa-miR-28-5p,101927503,LOC101927503,NM_001323425,uncharacterized LOC101927503
1016,52,hsa-miR-28-5p,7799,PRDM2,NM_001135610,PR/SET domain 2
1017,52,hsa-miR-28-5p,5728,PTEN,NM_001304718,phosphatase and tensin homolog
1018,52,hsa-miR-28-5p,23503,ZFYVE26,NM_015346,zinc finger FYVE-type containing 26
1019,52,hsa-miR-28-5p,80144,FRAS1,NM_025074,Fraser extracellular matrix complex subunit 1
1020,52,hsa-miR-28-5p,817,CAMK2D,NM_172115,calcium/calmodulin dependent protein kinase II delta
1021,52,hsa-miR-28-5p,8572,PDLIM4,NM_003687,PDZ and LIM domain 4
1022,52,hsa-miR-28-5p,9971,NR1H4,NM_001206992,nuclear receptor subfamily 1 group H member 4
1023,52,hsa-miR-28-5p,79796,ALG9,NM_001077691,"ALG9, alpha-1,2-mannosyltransferase"
1024,52,hsa-miR-28-5p,118738,ZNF488,NM_153034,zinc finger protein 488
1025,51,hsa-miR-140-5p,84945,ABHD13,NM_032859,abhydrolase domain containing 13
1026,51,hsa-miR-140-5p,64859,NABP1,NM_001031716,nucleic acid binding protein 1
1027,51,hsa-miR-140-5p,953,ENTPD1,NM_001164179,ectonucleoside triphosphate diphosphohydrolase 1
1028,51,hsa-miR-140-5p,9019,MPZL1,NM_024569,myelin protein zero like 1
1029,51,hsa-miR-140-5p,10490,VTI1B,NM_006370,vesicle transport through interaction with t-SNAREs 1B
1030,51,hsa-miR-140-5p,27067,STAU2,NM_001164384,staufen double-stranded RNA binding protein 2
1031,51,hsa-miR-140-5p,3988,LIPA,NM_001288979,"lipase A, lysosomal acid type"
1032,51,hsa-miR-140-5p,983,CDK1,NM_001170406,cyclin dependent kinase 1
1033,51,hsa-miR-140-5p,1456,CSNK1G3,NM_001270572,casein kinase 1 gamma 3
1034,51,hsa-miR-140-5p,54361,WNT4,NM_030761,Wnt family member 4
1035,51,hsa-miR-140-5p,8773,SNAP23,NM_003825,synaptosome associated protein 23
1036,51,hsa-miR-140-5p,1284,COL4A2,NM_001846,collagen type IV alpha 2 chain
1037,51,hsa-miR-140-5p,57507,ZNF608,NM_020747,zinc finger protein 608
1038,51,hsa-miR-140-5p,114908,TMEM123,NM_052932,transmembrane protein 123
1039,51,hsa-miR-140-5p,79960,JADE1,NM_001287439,jade family PHD finger 1
1040,51,hsa-miR-140-5p,79230,ZNF557,NM_024341,zinc finger protein 557
1041,51,hsa-miR-140-5p,129642,MBOAT2,NM_001321265,membrane bound O-acyltransferase domain containing 2
1042,51,hsa-miR-140-5p,5465,PPARA,NM_001001928,peroxisome proliferator activated receptor alpha
1043,51,hsa-miR-532-5p,23022,PALLD,NM_001166110,"palladin, cytoskeletal associated protein"
1044,51,hsa-miR-532-5p,30811,HUNK,NM_014586,hormonally up-regulated Neu-associated kinase
1045,51,hsa-miR-532-5p,5567,PRKACB,NM_182948,protein kinase cAMP-activated catalytic subunit beta
1046,51,hsa-miR-532-5p,57198,ATP8B2,NM_020452,ATPase phospholipid transporting 8B2
1047,51,hsa-miR-532-5p,374454,KRT77,NM_175078,keratin 77
1048,51,hsa-miR-532-5p,23768,FLRT2,NM_013231,fibronectin leucine rich transmembrane protein 2
1049,51,hsa-miR-532-5p,8897,MTMR3,NM_021090,myotubularin related protein 3
1050,51,hsa-miR-532-5p,4868,NPHS1,NM_004646,"NPHS1, nephrin"
1051,51,hsa-miR-532-5p,85004,RERG,NM_032918,RAS like estrogen regulated growth inhibitor
1052,51,hsa-miR-532-5p,2737,GLI3,NM_000168,GLI family zinc finger 3
1053,51,hsa-miR-532-5p,83478,ARHGAP24,NM_001042669,Rho GTPase activating protein 24
1054,51,hsa-miR-532-5p,1641,DCX,NM_000555,doublecortin
1055,51,hsa-miR-532-5p,51554,ACKR4,NM_016557,atypical chemokine receptor 4
1056,51,hsa-miR-532-5p,9527,GOSR1,NM_004871,golgi SNAP receptor complex member 1
1057,51,hsa-miR-532-5p,7804,LRP8,NM_004631,LDL receptor related protein 8
1058,51,hsa-miR-532-5p,54942,FAM206A,NM_017832,family with sequence similarity 206 member A
1059,51,hsa-miR-532-5p,7976,FZD3,NM_145866,frizzled class receptor 3
1060,51,hsa-miR-532-5p,57107,PDSS2,NM_020381,decaprenyl diphosphate synthase subunit 2
1061,51,hsa-miR-28-5p,375057,STUM,NM_001003665,"stum, mechanosensory transduction mediator homolog"
1062,51,hsa-miR-28-5p,4939,OAS2,NM_016817,2'-5'-oligoadenylate synthetase 2
1063,51,hsa-miR-28-5p,387914,SHISA2,NM_001007538,shisa family member 2
1064,51,hsa-miR-28-5p,7504,XK,NM_021083,X-linked Kx blood group
1065,51,hsa-miR-28-5p,26292,MYCBP,NM_012333,MYC binding protein
1066,51,hsa-miR-28-5p,7915,ALDH5A1,NM_001080,aldehyde dehydrogenase 5 family member A1
1067,51,hsa-miR-28-5p,143872,ARHGAP42,NM_152432,Rho GTPase activating protein 42
1068,51,hsa-miR-28-5p,158405,KIAA1958,NM_001287038,KIAA1958
1069,51,hsa-miR-28-5p,285590,SH3PXD2B,NM_001017995,SH3 and PX domains 2B
1070,51,hsa-miR-28-5p,4215,MAP3K3,NM_002401,mitogen-activated protein kinase kinase kinase 3
1071,51,hsa-miR-28-5p,266727,MDGA1,NM_153487,MAM domain containing glycosylphosphatidylinositol anchor 1
1072,51,hsa-miR-28-5p,120892,LRRK2,NM_198578,leucine rich repeat kinase 2
1073,51,hsa-miR-28-5p,50506,DUOX2,NM_014080,dual oxidase 2
1074,51,hsa-miR-28-5p,51059,FAM135B,NM_015912,family with sequence similarity 135 member B
1075,50,hsa-miR-140-5p,23384,SPECC1L,NM_001254733,sperm antigen with calponin homology and coiled-coil domains 1 like
1076,50,hsa-miR-140-5p,6645,SNTB2,NM_006750,syntrophin beta 2
1077,50,hsa-miR-140-5p,55531,ELMOD1,NM_018712,ELMO domain containing 1
1078,50,hsa-miR-140-5p,3340,NDST1,NM_001301063,N-deacetylase and N-sulfotransferase 1
1079,50,hsa-miR-140-5p,81848,SPRY4,NM_001127496,sprouty RTK signaling antagonist 4
1080,50,hsa-miR-140-5p,6790,AURKA,NM_198435,aurora kinase A
1081,50,hsa-miR-140-5p,8001,GLRA3,NM_001042543,glycine receptor alpha 3
1082,50,hsa-miR-140-5p,4069,LYZ,NM_000239,lysozyme
1083,50,hsa-miR-140-5p,286826,LIN9,NM_001270409,lin-9 DREAM MuvB core complex component
1084,50,hsa-miR-140-5p,139378,ADGRG4,NM_153834,adhesion G protein-coupled receptor G4
1085,50,hsa-miR-140-5p,1945,EFNA4,NM_182689,ephrin A4
1086,50,hsa-miR-140-5p,10659,CELF2,NM_001025077,CUGBP Elav-like family member 2
1087,50,hsa-miR-140-5p,202374,STK32A,NM_001287740,serine/threonine kinase 32A
1088,50,hsa-miR-140-5p,5501,PPP1CC,NM_002710,protein phosphatase 1 catalytic subunit gamma
1089,50,hsa-miR-140-5p,116068,LYSMD3,NM_198273,LysM domain containing 3
1090,50,hsa-miR-532-5p,7419,VDAC3,NM_001135694,voltage dependent anion channel 3
1091,50,hsa-miR-532-5p,2935,GSPT1,NM_001130006,G1 to S phase transition 1
1092,50,hsa-miR-532-5p,57549,IGSF9,NM_020789,immunoglobulin superfamily member 9
1093,50,hsa-miR-532-5p,7568,ZNF20,NM_001203250,zinc finger protein 20
1094,50,hsa-miR-532-5p,401548,SNX30,NM_001012994,sorting nexin family member 30
1095,50,hsa-miR-532-5p,84236,RHBDD1,NM_032276,rhomboid domain containing 1
1096,50,hsa-miR-28-5p,917,CD3G,NM_000073,CD3g molecule
1097,50,hsa-miR-28-5p,55636,CHD7,NM_017780,chromodomain helicase DNA binding protein 7
1098,50,hsa-miR-28-5p,389114,ZNF662,NM_001134656,zinc finger protein 662
1099,50,hsa-miR-28-5p,57484,RNF150,NM_020724,ring finger protein 150
1100,50,hsa-miR-28-5p,337876,CHSY3,NM_175856,chondroitin sulfate synthase 3
1101,50,hsa-miR-28-5p,2140,EYA3,NM_001282561,EYA transcriptional coactivator and phosphatase 3
1102,50,hsa-miR-28-5p,54910,SEMA4C,NM_017789,semaphorin 4C
1103,50,hsa-miR-28-5p,55742,PARVA,NM_018222,parvin alpha
1104,50,hsa-miR-28-5p,9194,SLC16A7,NM_001270622,solute carrier family 16 member 7
1105,50,hsa-miR-28-5p,81849,ST6GALNAC5,NM_030965,"ST6 N-acetylgalactosaminide alpha-2,6-sialyltransferase 5"